[2025-10-22 19:33:57] [ERROR] [GATEWAY] URL Queue not available: Connection refused to host: 26.11.203.193; nested exception is: 
	java.net.ConnectException: Connection refused: connect
[2025-10-22 19:33:57] [INFO] [GATEWAY] Gateway ready on port 1098
[2025-10-22 19:34:02] [INFO] [CLIENT] Connected to gateway on port 1098
[2025-10-22 19:34:08] [INFO] [CLIENT] Client 1 has connected.
[2025-10-22 19:34:17] [WARNING] [GATEWAY] No available barrels for search.
[2025-10-22 19:34:19] [WARNING] [GATEWAY] No available barrels for search.
[2025-10-22 19:34:20] [WARNING] [GATEWAY] No available barrels for search.
[2025-10-22 19:34:38] [ERROR] [GATEWAY] Queue is not available.
[2025-10-22 19:35:06] [INFO] [GATEWAY] Client 1 requested stats.
[2025-10-22 19:35:06] [INFO] [GATEWAY] Client 1 stats retrieved successfully.
[2025-10-22 19:35:08] [INFO] [GATEWAY] Client 1 requested stats.
[2025-10-22 19:35:08] [INFO] [GATEWAY] Client 1 stats retrieved successfully.
[2025-10-22 19:35:10] [INFO] [GATEWAY] Client 1 requested stats.
[2025-10-22 19:35:10] [INFO] [GATEWAY] Client 1 stats retrieved successfully.
[2025-10-22 19:35:12] [INFO] [GATEWAY] Client 1 requested stats.
[2025-10-22 19:35:12] [INFO] [GATEWAY] Client 1 stats retrieved successfully.
[2025-10-22 19:35:21] [WARNING] [GATEWAY] No available barrels for search.
[2025-10-22 19:39:02] [ERROR] [CLIENT] Gateway not available: Connection refused to host: 26.11.203.193; nested exception is: 
	java.net.ConnectException: Connection refused: connect
[2025-10-22 19:39:15] [ERROR] [GATEWAY] URL Queue not available: Connection refused to host: 26.11.203.193; nested exception is: 
	java.net.ConnectException: Connection refused: connect
[2025-10-22 19:39:15] [INFO] [GATEWAY] Gateway ready on port 1098
[2025-10-22 19:39:19] [INFO] [CLIENT] Connected to gateway on port 1098
[2025-10-22 19:39:22] [INFO] [CLIENT] Client 1 has connected.
[2025-10-22 19:39:25] [WARNING] [GATEWAY] No available barrels for search.
[2025-10-22 19:39:40] [ERROR] [GATEWAY] Queue is not available.
[2025-10-22 19:39:48] [ERROR] [GATEWAY] Queue is not available.
[2025-10-22 19:39:53] [ERROR] [GATEWAY] Queue is not available.
[2025-10-22 19:39:54] [ERROR] [GATEWAY] Queue is not available.
[2025-10-22 19:41:08] [WARNING] [GATEWAY] No available barrels for search.
[2025-10-22 19:41:09] [WARNING] [GATEWAY] No available barrels for search.
[2025-10-22 19:43:01] [ERROR] [GATEWAY] URL Queue not available: Connection refused to host: 26.11.203.193; nested exception is: 
	java.net.ConnectException: Connection refused: connect
[2025-10-22 19:43:01] [INFO] [GATEWAY] Gateway ready on port 1098
[2025-10-22 19:43:04] [INFO] [CLIENT] Connected to gateway on port 1098
[2025-10-22 19:43:26] [INFO] [CLIENT] Client 1 has connected.
[2025-10-22 19:43:32] [WARNING] [GATEWAY] No available barrels for search.
[2025-10-22 19:44:42] [INFO] [CLIENT] Connected to gateway on port 1098
[2025-10-22 19:44:44] [INFO] [CLIENT] Client 1 has connected.
[2025-10-22 19:46:04] [INFO] [CLIENT] Connected to gateway on port 1098
[2025-10-22 19:46:08] [INFO] [CLIENT] Client 1 has connected.
[2025-10-22 19:46:10] [WARNING] [GATEWAY] No available barrels for search.
[2025-10-22 19:46:11] [WARNING] [GATEWAY] No available barrels for search.
[2025-10-22 19:46:51] [ERROR] [GATEWAY] URL Queue not available: Connection refused to host: 26.11.203.193; nested exception is: 
	java.net.ConnectException: Connection refused: connect
[2025-10-22 19:46:51] [INFO] [GATEWAY] Gateway ready on port 1098
[2025-10-22 19:46:51] [INFO] [CLIENT] Connected to gateway on port 1098
[2025-10-22 19:46:54] [INFO] [CLIENT] Client 1 has connected.
[2025-10-22 19:46:55] [WARNING] [GATEWAY] No available barrels for search.
[2025-10-22 19:46:56] [WARNING] [GATEWAY] No available barrels for search.
[2025-10-22 19:46:58] [WARNING] [GATEWAY] No available barrels for search.
[2025-10-22 19:47:05] [ERROR] [GATEWAY] Queue is not available.
[2025-10-23 22:19:33] [INFO] [DOWNLOADER 1] Starting downloader thread.
[2025-10-23 22:19:33] [INFO] [DOWNLOADER 2] Starting downloader thread.
[2025-10-23 22:19:33] [INFO] [DOWNLOADER 3] Starting downloader thread.
[2025-10-23 22:19:35] [ERROR] [DOWNLOADER 3] Connection refused to host: 26.11.203.193; nested exception is: 
	java.net.ConnectException: Connection refused: connect
[2025-10-23 22:19:35] [ERROR] [DOWNLOADER 2] Connection refused to host: 26.11.203.193; nested exception is: 
	java.net.ConnectException: Connection refused: connect
[2025-10-23 22:19:35] [ERROR] [DOWNLOADER 1] Connection refused to host: 26.11.203.193; nested exception is: 
	java.net.ConnectException: Connection refused: connect
[2025-10-23 22:20:24] [INFO] [URLQueue] RMI server ready.
[2025-10-23 22:20:39] [INFO] [GATEWAY] Connected to URL Queue on port 1099
[2025-10-23 22:20:39] [INFO] [GATEWAY] Gateway ready on port 1098
[2025-10-23 22:20:50] [INFO] [BARREL] Running on port: 2000
[2025-10-23 22:20:50] [INFO] [BARREL] Connected to gateway on port: 1098
[2025-10-23 22:20:50] [INFO] [GATEWAY] Barrel registered on port 2000
[2025-10-23 22:20:59] [INFO] [DOWNLOADER 1] Starting downloader thread.
[2025-10-23 22:20:59] [INFO] [DOWNLOADER 2] Starting downloader thread.
[2025-10-23 22:20:59] [INFO] [DOWNLOADER 3] Starting downloader thread.
[2025-10-23 22:20:59] [INFO] [DOWNLOADER 2] Connected to Barrel on port 2000
[2025-10-23 22:20:59] [INFO] [DOWNLOADER 1] Connected to Barrel on port 2000
[2025-10-23 22:20:59] [INFO] [DOWNLOADER 3] Connected to Barrel on port 2000
[2025-10-23 22:21:16] [INFO] [CLIENT] Connected to gateway on port 1098
[2025-10-23 22:21:18] [INFO] [CLIENT] Client 1 has connected.
[2025-10-23 22:23:22] [INFO] [URLQueue] Added to queue: https://en.wikipedia.org/wiki/Kanye_West
[2025-10-23 22:23:22] [INFO] [GATEWAY] Client added URL to queue: https://en.wikipedia.org/wiki/Kanye_West
[2025-10-23 22:23:22] [INFO] [DOWNLOADER 2] downloading URL: https://en.wikipedia.org/wiki/Kanye_West
[2025-10-23 22:23:23] [INFO] [URLQueue] Added to queue: https://donate.wikimedia.org/?wmf_source=donate&wmf_medium=sidebar&wmf_campaign=en.wikipedia.org&uselang=en
[2025-10-23 22:23:23] [INFO] [DOWNLOADER 3] downloading URL: https://donate.wikimedia.org/?wmf_source=donate&wmf_medium=sidebar&wmf_campaign=en.wikipedia.org&uselang=en
[2025-10-23 22:23:23] [INFO] [URLQueue] Added to queue: https://donate.wikimedia.org/?wmf_source=donate&wmf_medium=sidebar&wmf_campaign=en.wikipedia.org&uselang=en
[2025-10-23 22:23:23] [INFO] [DOWNLOADER 1] downloading URL: https://donate.wikimedia.org/?wmf_source=donate&wmf_medium=sidebar&wmf_campaign=en.wikipedia.org&uselang=en
[2025-10-23 22:23:23] [INFO] [URLQueue] Added to queue: https://ar.wikipedia.org/wiki/%D9%83%D8%A7%D9%86%D9%8A%D9%8A%D9%87_%D9%88%D9%8A%D8%B3%D8%AA
[2025-10-23 22:23:23] [INFO] [URLQueue] Added to queue: https://an.wikipedia.org/wiki/Kanye_West
[2025-10-23 22:23:23] [INFO] [URLQueue] Added to queue: https://hyw.wikipedia.org/wiki/%D5%94%D5%A1%D5%B6%D5%B5%D5%A7_%D5%88%D6%82%D5%A5%D5%BD%D5%A9
[2025-10-23 22:23:23] [INFO] [URLQueue] Added to queue: https://ast.wikipedia.org/wiki/Kanye_West
[2025-10-23 22:23:23] [INFO] [URLQueue] Added to queue: https://az.wikipedia.org/wiki/Kanye_Vest
[2025-10-23 22:23:23] [INFO] [URLQueue] Added to queue: https://azb.wikipedia.org/wiki/%DA%A9%D8%A7%D9%86%DB%8C%D9%87_%D9%88%D8%B3%D8%AA
[2025-10-23 22:23:23] [INFO] [URLQueue] Added to queue: https://bn.wikipedia.org/wiki/%E0%A6%95%E0%A6%BE%E0%A6%A8%E0%A6%87%E0%A6%AF%E0%A6%BC%E0%A7%87_%E0%A6%93%E0%A6%AF%E0%A6%BC%E0%A7%87%E0%A6%B8%E0%A7%8D%E0%A6%9F
[2025-10-23 22:23:23] [INFO] [URLQueue] Added to queue: https://bjn.wikipedia.org/wiki/Kanye_West
[2025-10-23 22:23:23] [INFO] [URLQueue] Added to queue: https://zh-min-nan.wikipedia.org/wiki/Kanye_West
[2025-10-23 22:23:23] [INFO] [URLQueue] Added to queue: https://be.wikipedia.org/wiki/%D0%9A%D0%B0%D0%BD%D1%8C%D0%B5_%D0%A3%D1%8D%D1%81%D1%82
[2025-10-23 22:23:23] [INFO] [URLQueue] Added to queue: https://be-tarask.wikipedia.org/wiki/%D0%9A%D0%B0%D0%BD%D1%8C%D0%B5_%D0%8E%D1%8D%D1%81%D1%82
[2025-10-23 22:23:23] [INFO] [URLQueue] Added to queue: https://bg.wikipedia.org/wiki/%D0%9A%D0%B0%D0%BD%D0%B8%D0%B5_%D0%A3%D0%B5%D1%81%D1%82
[2025-10-23 22:23:23] [INFO] [URLQueue] Added to queue: https://ca.wikipedia.org/wiki/Kanye_West
[2025-10-23 22:23:23] [INFO] [URLQueue] Added to queue: https://cs.wikipedia.org/wiki/Kanye_West
[2025-10-23 22:23:23] [INFO] [URLQueue] Added to queue: https://tum.wikipedia.org/wiki/Kanye_West
[2025-10-23 22:23:23] [INFO] [URLQueue] Added to queue: https://cy.wikipedia.org/wiki/Kanye_West
[2025-10-23 22:23:23] [INFO] [URLQueue] Added to queue: https://da.wikipedia.org/wiki/Kanye_West
[2025-10-23 22:23:23] [INFO] [URLQueue] Added to queue: https://de.wikipedia.org/wiki/Kanye_West
[2025-10-23 22:23:23] [INFO] [URLQueue] Added to queue: https://et.wikipedia.org/wiki/Kanye_West
[2025-10-23 22:23:23] [INFO] [URLQueue] Added to queue: https://el.wikipedia.org/wiki/%CE%93%CE%B5
[2025-10-23 22:23:23] [INFO] [URLQueue] Added to queue: https://eml.wikipedia.org/wiki/Kanye_West
[2025-10-23 22:23:23] [INFO] [URLQueue] Added to queue: https://es.wikipedia.org/wiki/Kanye_West
[2025-10-23 22:23:23] [INFO] [URLQueue] Added to queue: https://eo.wikipedia.org/wiki/Kanye_West
[2025-10-23 22:23:23] [INFO] [URLQueue] Added to queue: https://eu.wikipedia.org/wiki/Kanye_West
[2025-10-23 22:23:23] [INFO] [URLQueue] Added to queue: https://fa.wikipedia.org/wiki/%DA%A9%D8%A7%D9%86%DB%8C%D9%87_%D9%88%D8%B3%D8%AA
[2025-10-23 22:23:23] [INFO] [URLQueue] Added to queue: https://fr.wikipedia.org/wiki/Kanye_West
[2025-10-23 22:23:23] [INFO] [URLQueue] Added to queue: https://fy.wikipedia.org/wiki/Kanye_West
[2025-10-23 22:23:23] [INFO] [URLQueue] Added to queue: https://ga.wikipedia.org/wiki/Kanye_West
[2025-10-23 22:23:23] [INFO] [URLQueue] Added to queue: https://gl.wikipedia.org/wiki/Kanye_West
[2025-10-23 22:23:23] [INFO] [URLQueue] Added to queue: https://ko.wikipedia.org/wiki/%EC%B9%B8%EC%98%88_%EC%9B%A8%EC%8A%A4%ED%8A%B8
[2025-10-23 22:23:23] [INFO] [URLQueue] Added to queue: https://ha.wikipedia.org/wiki/Kanye_West
[2025-10-23 22:23:23] [INFO] [URLQueue] Added to queue: https://hy.wikipedia.org/wiki/%D5%94%D5%A1%D5%B6%D5%B5%D5%A5_%D5%88%D6%82%D5%A5%D5%BD%D5%A9
[2025-10-23 22:23:23] [INFO] [URLQueue] Added to queue: https://hi.wikipedia.org/wiki/%E0%A4%95%E0%A4%BE%E0%A4%A8%E0%A5%8D%E0%A4%AF%E0%A5%87_%E0%A4%B5%E0%A5%87%E0%A4%B8%E0%A5%8D%E0%A4%9F
[2025-10-23 22:23:23] [INFO] [URLQueue] Added to queue: https://hr.wikipedia.org/wiki/Kanye_West
[2025-10-23 22:23:23] [INFO] [URLQueue] Added to queue: https://ig.wikipedia.org/wiki/Kany%C3%A9_West
[2025-10-23 22:23:23] [INFO] [URLQueue] Added to queue: https://id.wikipedia.org/wiki/Kanye_West
[2025-10-23 22:23:23] [INFO] [URLQueue] Added to queue: https://xh.wikipedia.org/wiki/Kanye_West
[2025-10-23 22:23:23] [INFO] [URLQueue] Added to queue: https://is.wikipedia.org/wiki/Kanye_West
[2025-10-23 22:23:23] [INFO] [URLQueue] Added to queue: https://it.wikipedia.org/wiki/Kanye_West
[2025-10-23 22:23:23] [INFO] [URLQueue] Added to queue: https://he.wikipedia.org/wiki/%D7%A7%D7%A0%D7%99%D7%94_%D7%95%D7%A1%D7%98
[2025-10-23 22:23:23] [INFO] [URLQueue] Added to queue: https://pam.wikipedia.org/wiki/Kanye_West
[2025-10-23 22:23:23] [INFO] [URLQueue] Added to queue: https://ka.wikipedia.org/wiki/%E1%83%99%E1%83%90%E1%83%9C%E1%83%98%E1%83%94_%E1%83%A3%E1%83%94%E1%83%A1%E1%83%A2%E1%83%98
[2025-10-23 22:23:23] [INFO] [URLQueue] Added to queue: https://kk.wikipedia.org/wiki/%D0%9A%D0%B0%D0%BD%D1%8C%D0%B5_%D0%A3%D1%8D%D1%81%D1%82
[2025-10-23 22:23:23] [INFO] [URLQueue] Added to queue: https://sw.wikipedia.org/wiki/Kanye_West
[2025-10-23 22:23:23] [INFO] [URLQueue] Added to queue: https://ku.wikipedia.org/wiki/Kanye_West
[2025-10-23 22:23:23] [INFO] [URLQueue] Added to queue: https://la.wikipedia.org/wiki/Kanye_West
[2025-10-23 22:23:23] [INFO] [URLQueue] Added to queue: https://lv.wikipedia.org/wiki/Kanje_Vests
[2025-10-23 22:23:23] [INFO] [URLQueue] Added to queue: https://lt.wikipedia.org/wiki/Kanye_West
[2025-10-23 22:23:23] [INFO] [URLQueue] Added to queue: https://hu.wikipedia.org/wiki/Kanye_West
[2025-10-23 22:23:23] [INFO] [URLQueue] Added to queue: https://mk.wikipedia.org/wiki/%D0%9A%D0%B0%D1%9A%D0%B5_%D0%92%D0%B5%D1%81%D1%82
[2025-10-23 22:23:23] [INFO] [URLQueue] Added to queue: https://mg.wikipedia.org/wiki/Kanye_West
[2025-10-23 22:23:23] [INFO] [URLQueue] Added to queue: https://ml.wikipedia.org/wiki/%E0%B4%95%E0%B5%BB%E0%B4%AF%E0%B4%BF_%E0%B4%B5%E0%B5%86%E0%B4%B8%E0%B5%8D%E0%B4%B1%E0%B5%8D%E0%B4%B1%E0%B5%8D%E2%80%8C
[2025-10-23 22:23:23] [INFO] [URLQueue] Added to queue: https://xmf.wikipedia.org/wiki/%E1%83%99%E1%83%90%E1%83%9C%E1%83%98%E1%83%94_%E1%83%A3%E1%83%94%E1%83%A1%E1%83%A2%E1%83%98
[2025-10-23 22:23:23] [INFO] [URLQueue] Added to queue: https://arz.wikipedia.org/wiki/%D9%83%D8%A7%D9%86%D9%8A%D9%8A%D9%87_%D9%88%D9%8A%D8%B3%D8%AA
[2025-10-23 22:23:23] [INFO] [URLQueue] Added to queue: https://ms.wikipedia.org/wiki/Kanye_West
[2025-10-23 22:23:23] [INFO] [URLQueue] Added to queue: https://mn.wikipedia.org/wiki/%D0%9A%D0%B0%D0%BD%D1%8C%D0%B5_%D0%A3%D1%8D%D1%81%D1%82
[2025-10-23 22:23:23] [INFO] [URLQueue] Added to queue: https://nl.wikipedia.org/wiki/Kanye_West
[2025-10-23 22:23:23] [INFO] [URLQueue] Added to queue: https://ne.wikipedia.org/wiki/%E0%A4%95%E0%A4%BE%E0%A4%A8%E0%A5%8D%E0%A4%AF%E0%A5%87_%E0%A4%B5%E0%A5%87%E0%A4%B8%E0%A5%8D%E0%A4%9F
[2025-10-23 22:23:23] [INFO] [URLQueue] Added to queue: https://ja.wikipedia.org/wiki/%E3%82%AB%E3%83%8B%E3%82%A8%E3%83%BB%E3%82%A6%E3%82%A7%E3%82%B9%E3%83%88
[2025-10-23 22:23:23] [INFO] [URLQueue] Added to queue: https://no.wikipedia.org/wiki/Kanye_West
[2025-10-23 22:23:23] [INFO] [URLQueue] Added to queue: https://nn.wikipedia.org/wiki/Kanye_West
[2025-10-23 22:23:23] [INFO] [URLQueue] Added to queue: https://oc.wikipedia.org/wiki/Kanye_West
[2025-10-23 22:23:23] [INFO] [URLQueue] Added to queue: https://uz.wikipedia.org/wiki/Kanye_West
[2025-10-23 22:23:23] [INFO] [URLQueue] Added to queue: https://pa.wikipedia.org/wiki/%E0%A8%95%E0%A8%BE%E0%A8%A8%E0%A8%AF%E0%A9%87_%E0%A8%B5%E0%A9%88%E0%A8%B8%E0%A8%9F
[2025-10-23 22:23:23] [INFO] [URLQueue] Added to queue: https://pl.wikipedia.org/wiki/Kanye_West
[2025-10-23 22:23:23] [INFO] [URLQueue] Added to queue: https://pt.wikipedia.org/wiki/Kanye_West
[2025-10-23 22:23:23] [INFO] [URLQueue] Added to queue: https://ro.wikipedia.org/wiki/Kanye_West
[2025-10-23 22:23:23] [INFO] [URLQueue] Added to queue: https://ru.wikipedia.org/wiki/%D0%A3%D1%8D%D1%81%D1%82,_%D0%9A%D0%B0%D0%BD%D1%8C%D0%B5
[2025-10-23 22:23:23] [INFO] [URLQueue] Added to queue: https://sat.wikipedia.org/wiki/%E1%B1%A0%E1%B1%9F%E1%B1%B1%E1%B1%AD%E1%B1%AE_%E1%B1%A3%E1%B1%AE%E1%B1%A5%E1%B1%B4
[2025-10-23 22:23:23] [INFO] [URLQueue] Added to queue: https://sco.wikipedia.org/wiki/Kanye_West
[2025-10-23 22:23:23] [INFO] [URLQueue] Added to queue: https://sq.wikipedia.org/wiki/Kanye_West
[2025-10-23 22:23:23] [INFO] [URLQueue] Added to queue: https://simple.wikipedia.org/wiki/Kanye_West
[2025-10-23 22:23:23] [INFO] [URLQueue] Added to queue: https://sk.wikipedia.org/wiki/Kanye_West
[2025-10-23 22:23:23] [INFO] [URLQueue] Added to queue: https://so.wikipedia.org/wiki/Kanye_West
[2025-10-23 22:23:23] [INFO] [URLQueue] Added to queue: https://ckb.wikipedia.org/wiki/%DA%A9%D8%A7%D9%86%DB%8C%DB%8E_%D9%88%DB%8E%D8%B3%D8%AA
[2025-10-23 22:23:23] [INFO] [URLQueue] Added to queue: https://sr.wikipedia.org/wiki/Kanje_Vest
[2025-10-23 22:23:23] [INFO] [URLQueue] Added to queue: https://sh.wikipedia.org/wiki/Kanye_West
[2025-10-23 22:23:23] [INFO] [URLQueue] Added to queue: https://su.wikipedia.org/wiki/Kanye_West
[2025-10-23 22:23:23] [INFO] [URLQueue] Added to queue: https://fi.wikipedia.org/wiki/Kanye_West
[2025-10-23 22:23:23] [INFO] [URLQueue] Added to queue: https://sv.wikipedia.org/wiki/Kanye_West
[2025-10-23 22:23:23] [INFO] [URLQueue] Added to queue: https://tl.wikipedia.org/wiki/Kanye_West
[2025-10-23 22:23:23] [INFO] [URLQueue] Added to queue: https://ta.wikipedia.org/wiki/%E0%AE%95%E0%AE%BE%E0%AE%A9%E0%AF%8D%E0%AE%AF%E0%AF%87_%E0%AE%B5%E0%AF%86%E0%AE%B8%E0%AF%8D%E0%AE%9F%E0%AF%8D
[2025-10-23 22:23:23] [INFO] [URLQueue] Added to queue: https://th.wikipedia.org/wiki/%E0%B8%84%E0%B8%B2%E0%B8%99%E0%B9%80%E0%B8%A2_%E0%B9%80%E0%B8%A7%E0%B8%AA%E0%B8%95%E0%B9%8C
[2025-10-23 22:23:23] [INFO] [URLQueue] Added to queue: https://din.wikipedia.org/wiki/Kanye_West
[2025-10-23 22:23:23] [INFO] [URLQueue] Added to queue: https://tr.wikipedia.org/wiki/Kanye_West
[2025-10-23 22:23:23] [INFO] [URLQueue] Added to queue: https://uk.wikipedia.org/wiki/%D0%9A%D0%B0%D0%BD%D1%8C%D1%94_%D0%92%D0%B5%D1%81%D1%82
[2025-10-23 22:23:23] [INFO] [URLQueue] Added to queue: https://ur.wikipedia.org/wiki/%DA%A9%D8%A7%D9%86%DB%8C%DB%81_%D9%88%DB%8C%D8%B3%D9%B9
[2025-10-23 22:23:23] [INFO] [URLQueue] Added to queue: https://vi.wikipedia.org/wiki/Kanye_West
[2025-10-23 22:23:23] [INFO] [URLQueue] Added to queue: https://wuu.wikipedia.org/wiki/%E5%9D%8E%E8%80%B6%C2%B7%E9%9F%A6%E6%96%AF%E7%89%B9
[2025-10-23 22:23:23] [INFO] [URLQueue] Added to queue: https://zh-yue.wikipedia.org/wiki/%E5%8B%A4%E8%80%B6%E9%9F%8B%E6%96%AF%E7%89%B9
[2025-10-23 22:23:23] [INFO] [URLQueue] Added to queue: https://zh.wikipedia.org/wiki/%E8%82%AF%E4%BC%8A%C2%B7%E5%A8%81%E6%96%AF%E7%89%B9
[2025-10-23 22:23:23] [INFO] [URLQueue] Added to queue: https://www.wikidata.org/wiki/Special:EntityPage/Q15935#sitelinks-wikipedia
[2025-10-23 22:23:23] [INFO] [URLQueue] Added to queue: https://commons.wikimedia.org/wiki/Category:Kanye_West
[2025-10-23 22:23:23] [INFO] [URLQueue] Added to queue: https://en.wikiquote.org/wiki/Kanye_West
[2025-10-23 22:23:23] [INFO] [URLQueue] Added to queue: https://www.wikidata.org/wiki/Special:EntityPage/Q15935
[2025-10-23 22:23:23] [INFO] [URLQueue] Added to queue: https://en.wikinews.org/wiki/Rapper_Kanye_West_denounces_Bush_response,_American_media_at_hurricane_relief_telethon
[2025-10-23 22:23:23] [INFO] [URLQueue] Added to queue: https://www.complex.com/music/a/alex-ocho/kanye-west-responds-to-fans-commenting-about-posting-wife
[2025-10-23 22:23:23] [INFO] [URLQueue] Added to queue: https://web.archive.org/web/20240213041930/https://www.complex.com/music/a/alex-ocho/kanye-west-responds-to-fans-commenting-about-posting-wife
[2025-10-23 22:23:23] [INFO] [URLQueue] Added to queue: https://www.allmusic.com/artist/p353484
[2025-10-23 22:23:23] [INFO] [URLQueue] Added to queue: https://web.archive.org/web/20110217223433/https://www.allmusic.com/artist/p353484
[2025-10-23 22:23:23] [INFO] [URLQueue] Added to queue: https://www.cheatsheet.com/news/no-kanye-west-hasnt-changed-his-name-again.html/
[2025-10-23 22:23:23] [INFO] [URLQueue] Added to queue: https://web.archive.org/web/20250918213009/https://www.cheatsheet.com/news/no-kanye-west-hasnt-changed-his-name-again.html/
[2025-10-23 22:23:23] [INFO] [URLQueue] Added to queue: https://www.billboard.com/lists/best-rappers-all-time/
[2025-10-23 22:23:23] [INFO] [URLQueue] Added to queue: https://ftw.usatoday.com/story/entertainment/pop-culture/2023/09/08/best-rappers-ever-biggie-jay-z-kendrick-lamar-tupac/80930345007/
[2025-10-23 22:23:23] [INFO] [URLQueue] Added to queue: https://www.forbes.com/sites/entertainment/article/best-rappers-of-all-time/
[2025-10-23 22:23:23] [INFO] [URLQueue] Added to queue: https://www.nytimes.com/2022/10/26/arts/music/kanye-west-music-industry.html
[2025-10-23 22:23:23] [INFO] [URLQueue] Added to queue: https://web.archive.org/web/20240607175953/https://www.nytimes.com/2022/10/26/arts/music/kanye-west-music-industry.html
[2025-10-23 22:23:23] [INFO] [URLQueue] Added to queue: https://www.washingtonpost.com/arts-entertainment/2022/10/25/kanye-west-career-future/
[2025-10-23 22:23:23] [INFO] [URLQueue] Added to queue: https://web.archive.org/web/20230325234523/https://www.washingtonpost.com/arts-entertainment/2022/10/25/kanye-west-career-future/
[2025-10-23 22:23:23] [INFO] [URLQueue] Added to queue: https://www.nytimes.com/2022/10/17/business/kanye-west-parler.html
[2025-10-23 22:23:23] [INFO] [URLQueue] Added to queue: https://web.archive.org/web/20240404085215/https://www.nytimes.com/2022/10/17/business/kanye-west-parler.html
[2025-10-23 22:23:23] [INFO] [URLQueue] Added to queue: https://www.billboard.com/lists/best-rappers-all-time/
[2025-10-23 22:23:23] [INFO] [URLQueue] Added to queue: https://www.rollingstone.com/music/lists/100-greatest-songwriters
[2025-10-23 22:23:23] [INFO] [URLQueue] Added to queue: https://web.archive.org/web/20150813101755/https://www.rollingstone.com/music/lists/100-greatest-songwriters
[2025-10-23 22:23:23] [INFO] [URLQueue] Added to queue: https://www.indy100.com/news/kanye-west-album-release-music-b1886485
[2025-10-23 22:23:23] [INFO] [URLQueue] Added to queue: https://web.archive.org/web/20210719130333/https://www.indy100.com/news/kanye-west-album-release-music-b1886485
[2025-10-23 22:23:23] [INFO] [URLQueue] Added to queue: https://content.time.com/time/specials/packages/article/0,28804,1972656_1972696_1973215,00.html
[2025-10-23 22:23:23] [INFO] [URLQueue] Added to queue: https://search.worldcat.org/issn/0040-781X
[2025-10-23 22:23:23] [INFO] [URLQueue] Added to queue: https://web.archive.org/web/20211030132152/https://content.time.com/time/specials/packages/article/0,28804,1972656_1972696_1973215,00.html
[2025-10-23 22:23:23] [INFO] [URLQueue] Added to queue: https://www.independent.co.uk/news/people/kanye-west-emma-watson-named-time-100-most-influential-people-2015-10182077.html
[2025-10-23 22:23:23] [INFO] [URLQueue] Added to queue: https://web.archive.org/web/20211112181615/https://www.independent.co.uk/news/people/kanye-west-emma-watson-named-time-100-most-influential-people-2015-10182077.html
[2025-10-23 22:23:23] [INFO] [URLQueue] Added to queue: https://www.hollywoodreporter.com/business/digital/instagram-restricts-kanye-west-account-deletes-content-1235236269/
[2025-10-23 22:23:23] [INFO] [URLQueue] Added to queue: https://web.archive.org/web/20221009000722/https://www.hollywoodreporter.com/business/digital/instagram-restricts-kanye-west-account-deletes-content-1235236269/
[2025-10-23 22:23:23] [INFO] [URLQueue] Added to queue: https://slate.com/human-interest/2019/10/kanye-west-jesus-is-king-evangelical-biblical.html
[2025-10-23 22:23:23] [INFO] [URLQueue] Added to queue: https://web.archive.org/web/20191029162030/https://slate.com/human-interest/2019/10/kanye-west-jesus-is-king-evangelical-biblical.html
[2025-10-23 22:23:23] [INFO] [URLQueue] Added to queue: https://www.hollywoodreporter.com/news/kanye-west-jesus-is-king-album-cancel-culture-christianity-1250025
[2025-10-23 22:23:23] [INFO] [URLQueue] Added to queue: https://web.archive.org/web/20191029144642/https://www.hollywoodreporter.com/news/kanye-west-jesus-is-king-album-cancel-culture-christianity-1250025
[2025-10-23 22:23:23] [INFO] [URLQueue] Added to queue: https://books.google.com/books?id=JanbEhQx5RwC&pg=PA15
[2025-10-23 22:23:23] [INFO] [URLQueue] Added to queue: https://www.revolt.tv/2018/6/8/20819428/a-timeline-of-kanye-west-s-41-years-of-excellence
[2025-10-23 22:23:23] [INFO] [URLQueue] Added to queue: https://web.archive.org/web/20200609022529/https://www.revolt.tv/2018/6/8/20819428/a-timeline-of-kanye-west-s-41-years-of-excellence
[2025-10-23 22:23:23] [INFO] [URLQueue] Added to queue: https://www.pantagraph.com/news/article_79bc1031-1dc9-511b-8444-243951568e4b.html
[2025-10-23 22:23:23] [INFO] [URLQueue] Added to queue: https://web.archive.org/web/20130428042047/https://www.pantagraph.com/news/article_79bc1031-1dc9-511b-8444-243951568e4b.html
[2025-10-23 22:23:23] [INFO] [URLQueue] Added to queue: https://web.archive.org/web/20071113155045/https://findarticles.com/p/articles/mi_m1355/is_19_111/ai_n19206336
[2025-10-23 22:23:23] [INFO] [URLQueue] Added to queue: https://findarticles.com/p/articles/mi_m1355/is_19_111/ai_n19206336
[2025-10-23 22:23:23] [INFO] [URLQueue] Added to queue: https://web.archive.org/web/20120623223030/https://www.mygoodwater.com/about.html
[2025-10-23 22:23:23] [INFO] [URLQueue] Added to queue: https://www.washingtonpost.com/wp-dyn/content/article/2006/12/06/AR2006120602139.html
[2025-10-23 22:23:23] [INFO] [URLQueue] Added to queue: https://web.archive.org/web/20161208084954/https://www.washingtonpost.com/wp-dyn/content/article/2006/12/06/AR2006120602139.html
[2025-10-23 22:23:23] [INFO] [URLQueue] Added to queue: https://books.google.com/books?id=JanbEhQx5RwC&pg=PA15
[2025-10-23 22:23:23] [INFO] [URLQueue] Added to queue: https://books.google.com/books?id=J9kDAAAAMBAJ&q=kanye&pg=PA93
[2025-10-23 22:23:23] [INFO] [URLQueue] Added to queue: https://web.archive.org/web/20240302200411/https://books.google.com/books?id=J9kDAAAAMBAJ&q=kanye&pg=PA93#v=snippet&q=kanye&f=false
[2025-10-23 22:23:23] [INFO] [URLQueue] Added to queue: https://web.archive.org/web/20070401082700/https://www.time.com/time/magazine/article/0%2C9171%2C1096499%2C00.html
[2025-10-23 22:23:23] [INFO] [URLQueue] Added to queue: https://www.time.com/time/magazine/article/0,9171,1096499,00.html
[2025-10-23 22:23:23] [INFO] [URLQueue] Added to queue: https://www.nydailynews.com/entertainment/gossip/donda-west-gave-enrich-son-kanye-west-life-article-1.256037
[2025-10-23 22:23:23] [INFO] [URLQueue] Added to queue: https://web.archive.org/web/20230723234715/https://www.nydailynews.com/entertainment/gossip/donda-west-gave-enrich-son-kanye-west-life-article-1.256037
[2025-10-23 22:23:23] [INFO] [URLQueue] Added to queue: https://archive.org/details/raisingkanyelive00west/page/85
[2025-10-23 22:23:23] [INFO] [URLQueue] Added to queue: https://archive.org/details/raisingkanyelive00west/page/85
[2025-10-23 22:23:23] [INFO] [URLQueue] Added to queue: https://web.archive.org/web/20101208030420/https://www.mtv.com/news/articles/1517484/20051205/west_kanye.jhtml
[2025-10-23 22:23:23] [INFO] [URLQueue] Added to queue: https://www.mtv.com/news/articles/1517484/20051205/west_kanye.jhtml
[2025-10-23 22:23:23] [INFO] [URLQueue] Added to queue: https://www.chicagotribune.com/2007/11/13/kanye-and-his-mom-shared-special-bond/
[2025-10-23 22:23:23] [INFO] [URLQueue] Added to queue: https://web.archive.org/web/20160221044031/https://articles.chicagotribune.com/2007-11-13/news/0711130488_1_chicago-state-university-degree-from-auburn-university-kanye-west
[2025-10-23 22:23:23] [INFO] [URLQueue] Added to queue: https://web.archive.org/web/20090406021640/https://www.mtv.com/bands/w/west_kanye/news_feature_022404/index2.jhtml
[2025-10-23 22:23:23] [INFO] [URLQueue] Added to queue: https://www.mtv.com/bands/w/west_kanye/news_feature_022404/index2.jhtml
[2025-10-23 22:23:23] [INFO] [URLQueue] Added to queue: https://books.google.com/books?id=bXy2wTEsbCsC
[2025-10-23 22:23:23] [INFO] [URLQueue] Added to queue: https://web.archive.org/web/20230723234713/https://books.google.com/books?id=bXy2wTEsbCsC
[2025-10-23 22:23:23] [INFO] [URLQueue] Added to queue: https://web.archive.org/web/20130216104340/https://www.rollingstone.com/music/pictures/photos-kanye-wests-career-highs-and-lows-20101210
[2025-10-23 22:23:23] [INFO] [URLQueue] Added to queue: https://www.rollingstone.com/music/pictures/photos-kanye-wests-career-highs-and-lows-20101210
[2025-10-23 22:23:23] [INFO] [URLQueue] Added to queue: https://hitsdailydouble.com/news&id=287384&title+Gee-Starts-Own-Label
[2025-10-23 22:23:23] [INFO] [URLQueue] Added to queue: https://web.archive.org/web/20200203080324/https://hitsdailydouble.com/news%26id%3D308429
[2025-10-23 22:23:23] [INFO] [URLQueue] Added to queue: https://hitsdailydouble.com/news&id=308429
[2025-10-23 22:23:23] [INFO] [URLQueue] Added to queue: https://web.archive.org/web/20200203080324/https://hitsdailydouble.com/news%26id%3D308429
[2025-10-23 22:23:23] [INFO] [URLQueue] Added to queue: https://web.archive.org/web/20120727014600/https://www.complex.com/music/2012/07/the-100-best-kanye-west-songs/let-em-in
[2025-10-23 22:23:23] [INFO] [URLQueue] Added to queue: https://www.complex.com/music/2012/07/the-100-best-kanye-west-songs/let-em-in
[2025-10-23 22:23:23] [INFO] [URLQueue] Added to queue: https://web.archive.org/web/20060415173601/https://www.mtv.com/bands/m/music_geek/kanyewest_100305/
[2025-10-23 22:23:23] [INFO] [URLQueue] Added to queue: https://www.mtv.com/bands/m/music_geek/kanyewest_100305/
[2025-10-23 22:23:23] [INFO] [URLQueue] Added to queue: https://pitchfork.com/reviews/albums/8767-the-college-dropout/
[2025-10-23 22:23:23] [INFO] [URLQueue] Added to queue: https://www.rollingstone.com/music/lists/500-greatest-albums-of-all-time-20120531/jay-z-the-blueprint-20120524
[2025-10-23 22:23:23] [INFO] [URLQueue] Added to queue: https://web.archive.org/web/20160715175432/https://www.rollingstone.com/music/lists/500-greatest-albums-of-all-time-20120531/jay-z-the-blueprint-20120524
[2025-10-23 22:23:23] [INFO] [URLQueue] Added to queue: https://www.rollingstone.com/t/kanye-west/
[2025-10-23 22:23:23] [INFO] [URLQueue] Added to queue: https://web.archive.org/web/20110718104107/https://www.mtv.com/news/articles/1496766/road-grammys-kanye-west.jhtml
[2025-10-23 22:23:23] [INFO] [URLQueue] Added to queue: https://www.mtv.com/news/articles/1496766/road-grammys-kanye-west.jhtml
[2025-10-23 22:23:23] [INFO] [URLQueue] Added to queue: https://web.archive.org/web/20150125003250/https://www.blackcollegian.com/kanye-west-the-man-the-music-and-the-message/
[2025-10-23 22:23:23] [INFO] [URLQueue] Added to queue: https://www.blackcollegian.com/kanye-west-the-man-the-music-and-the-message/
[2025-10-23 22:23:23] [INFO] [URLQueue] Added to queue: https://www.wsws.org/en/articles/2005/09/kany-s30.html
[2025-10-23 22:23:23] [INFO] [URLQueue] Added to queue: https://finance.yahoo.com/news/kanye-west-apos-2002-car-211020679.html
[2025-10-23 22:23:23] [INFO] [URLQueue] Added to queue: https://web.archive.org/web/20220415153441/https://finance.yahoo.com/news/kanye-west-apos-2002-car-211020679.html
[2025-10-23 22:23:23] [INFO] [URLQueue] Added to queue: https://www.complex.com/music/the-50-best-rapper-mixtapes/kanye-west-get-well-soon
[2025-10-23 22:23:23] [INFO] [URLQueue] Added to queue: https://web.archive.org/web/20130313223732/https://www.complex.com/music/2013/03/the-50-best-rapper-mixtapes/kanye-west-get-well-soon
[2025-10-23 22:23:23] [INFO] [URLQueue] Added to queue: https://www.mtv.com/news/articles/1459071/kanye-west-raps-through-broken-jaw.jhtml
[2025-10-23 22:23:23] [INFO] [URLQueue] Added to queue: https://web.archive.org/web/20131228152622/https://www.mtv.com/news/articles/1459071/kanye-west-raps-through-broken-jaw.jhtml
[2025-10-23 22:23:23] [INFO] [URLQueue] Added to queue: https://web.archive.org/web/20121026080735/https://www.mtv.com/news/articles/1472302/kanye-west-readying-debut-lp.jhtml
[2025-10-23 22:23:23] [INFO] [URLQueue] Added to queue: https://www.mtv.com/news/articles/1472302/kanye-west-readying-debut-lp.jhtml
[2025-10-23 22:23:23] [INFO] [URLQueue] Added to queue: https://web.archive.org/web/20130621015704/https://www.popmatters.com/pm/review/westkanye-getwellsoon/
[2025-10-23 22:23:23] [INFO] [URLQueue] Added to queue: https://popmatters.com/pm/review/westkanye-getwellsoon/
[2025-10-23 22:23:23] [INFO] [URLQueue] Added to queue: https://archive.today/20130119184429/https://cdn.best.complex.com/music/2011/09/clinton-sparks-30-favorite-mixtapes/get-well-soon
[2025-10-23 22:23:23] [INFO] [URLQueue] Added to queue: https://cdn.best.complex.com/music/2011/09/clinton-sparks-30-favorite-mixtapes/get-well-soon
[2025-10-23 22:23:23] [INFO] [URLQueue] Added to queue: https://acharts.us/song/337
[2025-10-23 22:23:23] [INFO] [URLQueue] Added to queue: https://web.archive.org/web/20070930204917/https://acharts.us/song/337
[2025-10-23 22:23:23] [INFO] [URLQueue] Added to queue: https://www.billboard.com/music/music-news/32nd-american-music-awards-nominees-66500/
[2025-10-23 22:23:23] [INFO] [URLQueue] Added to queue: https://web.archive.org/web/20240212181432/https://www.billboard.com/music/music-news/32nd-american-music-awards-nominees-66500/
[2025-10-23 22:23:23] [INFO] [URLQueue] Added to queue: https://www.billboard.com/music/music-news/2004-billboard-music-awards-finalists-65464/
[2025-10-23 22:23:23] [INFO] [URLQueue] Added to queue: https://web.archive.org/web/20151112062939/https://www.billboard.com/articles/news/65464/2004-billboard-music-awards-finalists
[2025-10-23 22:23:23] [INFO] [URLQueue] Added to queue: https://usatoday30.usatoday.com/life/music/news/2005-02-10-kanye-west-main_x.htm
[2025-10-23 22:23:23] [INFO] [URLQueue] Added to queue: https://web.archive.org/web/20121025231046/https://usatoday30.usatoday.com/life/music/news/2005-02-10-kanye-west-main_x.htm
[2025-10-23 22:23:23] [INFO] [URLQueue] Added to queue: https://www.nytimes.com/2004/09/13/arts/music/13hiph.html?pagewanted=all&position=
[2025-10-23 22:23:23] [INFO] [URLQueue] Added to queue: https://web.archive.org/web/20150528052014/https://www.nytimes.com/2004/09/13/arts/music/13hiph.html?pagewanted=all&position=
[2025-10-23 22:23:23] [INFO] [URLQueue] Added to queue: https://web.archive.org/web/20110411073415/https://www.mtv.com/news/articles/1494569/kanye-scores-10-grammy-nominations.jhtml
[2025-10-23 22:23:23] [INFO] [URLQueue] Added to queue: https://www.mtv.com/news/articles/1494569/kanye-scores-10-grammy-nominations.jhtml
[2025-10-23 22:23:23] [INFO] [URLQueue] Added to queue: https://www.rollingstone.com/music/albumreviews/my-beautiful-dark-twisted-fantasy-20101109
[2025-10-23 22:23:23] [INFO] [URLQueue] Added to queue: https://web.archive.org/web/20101218061924/https://www.rollingstone.com/music/albumreviews/my-beautiful-dark-twisted-fantasy-20101109
[2025-10-23 22:23:23] [INFO] [URLQueue] Added to queue: https://www.rollingstone.com/music/news/kanye-west-a-genius-in-praise-of-himself-20070920
[2025-10-23 22:23:23] [INFO] [URLQueue] Added to queue: https://web.archive.org/web/20090309060656/https://www.rollingstone.com/news/story/16257550/kanye_west_a_genius_in_praise_of_himself/print
[2025-10-23 22:23:23] [INFO] [URLQueue] Added to queue: https://www.mtv.com/news/articles/1507538/20050812/west_kanye.jhtml
[2025-10-23 22:23:23] [INFO] [URLQueue] Added to queue: https://web.archive.org/web/20051105015432/https://www.mtv.com/news/articles/1507538/20050812/west_kanye.jhtml
[2025-10-23 22:23:23] [INFO] [URLQueue] Added to queue: https://web.archive.org/web/20051201190546/https://www.rollingstone.com/news/story/_/id/8829100/kanyewest
[2025-10-23 22:23:23] [INFO] [URLQueue] Added to queue: https://www.rollingstone.com/news/story/_/id/8829100/kanyewest
[2025-10-23 22:23:23] [INFO] [URLQueue] Added to queue: https://www.foxnews.com/story/kanye-west-unleashes-tirade-after-losing-at-mtv-europe-music-awards
[2025-10-23 22:23:23] [INFO] [URLQueue] Added to queue: https://web.archive.org/web/20121023223440/https://www.foxnews.com/story/0,2933,227304,00.html
[2025-10-23 22:23:23] [INFO] [URLQueue] Added to queue: https://web.archive.org/web/20070603120826/https://www.mtv.co.uk/channel/mtvuk/news/02112006/emas_shocker_kanye_stage_invasion
[2025-10-23 22:23:23] [INFO] [URLQueue] Added to queue: https://www.mtv.co.uk/channel/mtvuk/news/02112006/emas_shocker_kanye_stage_invasion
[2025-10-23 22:23:23] [INFO] [URLQueue] Added to queue: https://www.foxnews.com/wires/2006Nov03/0,4670,MTVAwardsKanye,00.html
[2025-10-23 22:23:23] [INFO] [URLQueue] Added to queue: https://web.archive.org/web/20080510113205/https://www.foxnews.com/wires/2006Nov03/0,4670,MTVAwardsKanye,00.html
[2025-10-23 22:23:23] [INFO] [URLQueue] Added to queue: https://snlarchives.net/Episodes/?2007092913
[2025-10-23 22:23:23] [INFO] [URLQueue] Added to queue: https://web.archive.org/web/20150317152741/https://snlarchives.net/Episodes/?2007092913
[2025-10-23 22:23:23] [INFO] [URLQueue] Added to queue: https://www.billboard.com/articles/news/1049350/kanye-well-ahead-of-50-cent-in-first-day-sales-race
[2025-10-23 22:23:23] [INFO] [URLQueue] Added to queue: https://web.archive.org/web/20130704222314/https://www.billboard.com/articles/news/1049350/kanye-well-ahead-of-50-cent-in-first-day-sales-race
[2025-10-23 22:23:23] [INFO] [URLQueue] Added to queue: https://www.billboard.com/articles/news/1049151/kanye-caps-banner-week-with-hot-100-chart-topper
[2025-10-23 22:23:23] [INFO] [URLQueue] Added to queue: https://web.archive.org/web/20130628050924/https://www.billboard.com/articles/news/1049151/kanye-caps-banner-week-with-hot-100-chart-topper
[2025-10-23 22:23:23] [INFO] [URLQueue] Added to queue: https://web.archive.org/web/20090326014159/https://www.newyorker.com/arts/critics/notebook/2009/03/30/090330gonb_GOAT_notebook_frerejones
[2025-10-23 22:23:23] [INFO] [URLQueue] Added to queue: https://www.newyorker.com/arts/critics/notebook/2009/03/30/090330gonb_GOAT_notebook_frerejones
[2025-10-23 22:23:23] [INFO] [URLQueue] Added to queue: https://news.bbc.co.uk/1/hi/7090287.stm
[2025-10-23 22:23:23] [INFO] [URLQueue] Added to queue: https://web.archive.org/web/20210927113810/https://news.bbc.co.uk/1/hi/7090287.stm
[2025-10-23 22:23:23] [INFO] [URLQueue] Added to queue: https://people.com/celebrity/kanye-wests-fiance-sad-over-breakup/
[2025-10-23 22:23:23] [INFO] [URLQueue] Added to queue: https://web.archive.org/web/20081207093204/https://www.people.com/people/article/0%2C%2C20193726%2C00.html?xid=rss-topheadlines
[2025-10-23 22:23:23] [INFO] [URLQueue] Added to queue: https://web.archive.org/web/20081217114954/https://www.mtv.co.uk/channel/mtvuk/news/460118-kanye-west-opens-his-heart
[2025-10-23 22:23:23] [INFO] [URLQueue] Added to queue: https://www.mtv.co.uk/channel/mtvuk/news/460118-kanye-west-opens-his-heart
[2025-10-23 22:23:23] [INFO] [URLQueue] Added to queue: https://web.archive.org/web/20081202233800/https://www.thefader.com/features/2008/11/25/fader-58-kanye-west-cover-story-and-interview
[2025-10-23 22:23:23] [INFO] [URLQueue] Added to queue: https://www.thefader.com/features/2008/11/25/fader-58-kanye-west-cover-story-and-interview
[2025-10-23 22:23:23] [INFO] [URLQueue] Added to queue: https://www.theguardian.com/music/2008/nov/09/kanye-west-hip-hop-808s-heartbreak
[2025-10-23 22:23:23] [INFO] [URLQueue] Added to queue: https://web.archive.org/web/20081201103614/https://www.guardian.co.uk/music/2008/nov/09/kanye-west-hip-hop-808s-heartbreak
[2025-10-23 22:23:23] [INFO] [URLQueue] Added to queue: https://web.archive.org/web/20081204032313/https://www.mtv.com/news/articles/1599993/20081121/west_kanye.jhtml
[2025-10-23 22:23:23] [INFO] [URLQueue] Added to queue: https://www.mtv.com/news/articles/1599993/20081121/west_kanye.jhtml
[2025-10-23 22:23:23] [INFO] [URLQueue] Added to queue: https://web.archive.org/web/20121103181659/https://www.mtv.com/news/articles/1598986/new-lps-from-ludacris-kanye-west-killers-get-monday-release-date.jhtml
[2025-10-23 22:23:23] [INFO] [URLQueue] Added to queue: https://www.mtv.com/news/articles/1598986/20081110/west_kanye.jhtml
[2025-10-23 22:23:23] [INFO] [URLQueue] Added to queue: https://www.billboard.com/articles/news/1043977/ti-back-atop-hot-100-kanye-debuts-high
[2025-10-23 22:23:23] [INFO] [URLQueue] Added to queue: https://web.archive.org/web/20130502013852/https://www.billboard.com/articles/news/1043977/ti-back-atop-hot-100-kanye-debuts-high
[2025-10-23 22:23:23] [INFO] [URLQueue] Added to queue: https://www.billboard.com/bbcom/esearch/searchResult.jsp?exp=y&Ne=4&inert=25&Ntt=Heartless+Kanye+West&Ntk=Keyword&Ntx=mode+matchallpartial&nor=10&an=bbcom&Ns=FORMATTED_DATE%7C0&N=37+4294126188#pos25
[2025-10-23 22:23:23] [INFO] [URLQueue] Added to queue: https://web.archive.org/web/20090505231714/https://www.billboard.com/bbcom/esearch/searchResult.jsp?exp=y&Ne=4&inert=25&Ntt=Heartless+Kanye+West&Ntk=Keyword&Ntx=mode+matchallpartial&nor=10&an=bbcom&Ns=FORMATTED_DATE%7C0&N=37+4294126188#pos25
[2025-10-23 22:23:23] [INFO] [URLQueue] Added to queue: https://web.archive.org/web/20111229125050/https://www.theawl.com/2011/09/kanye%E2%80%99s-808s-how-a-machine-brought-heartbreak-to-hip-hop
[2025-10-23 22:23:23] [INFO] [URLQueue] Added to queue: https://www.theawl.com/2011/09/kanye%E2%80%99s-808s-how-a-machine-brought-heartbreak-to-hip-hop
[2025-10-23 22:23:23] [INFO] [URLQueue] Added to queue: https://www.cnn.com/2009/SHOWBIZ/09/14/kanye.west.reaction/index.html
[2025-10-23 22:23:23] [INFO] [URLQueue] Added to queue: https://web.archive.org/web/20181017080013/https://www.cnn.com/2009/SHOWBIZ/09/14/kanye.west.reaction/index.html
[2025-10-23 22:23:23] [INFO] [URLQueue] Added to queue: https://web.archive.org/web/20130119133749/https://www.rollingstone.com/music/news/kanye-west-storms-the-vmas-stage-during-taylor-swifts-speech-20090913?rand=84857
[2025-10-23 22:23:23] [INFO] [URLQueue] Added to queue: https://www.rollingstone.com/music/news/kanye-west-storms-the-vmas-stage-during-taylor-swifts-speech-20090913?rand=84857
[2025-10-23 22:23:23] [INFO] [URLQueue] Added to queue: https://web.archive.org/web/20101118015021/https://music-mix.ew.com/2009/09/13/kanye-west-taylor-swift/
[2025-10-23 22:23:23] [INFO] [URLQueue] Added to queue: https://music-mix.ew.com/2009/09/13/kanye-west-taylor-swift/
[2025-10-23 22:23:23] [INFO] [URLQueue] Added to queue: https://web.archive.org/web/20100303052537/https://www.mtv.com/ontv/vma/2009/best-female-video/
[2025-10-23 22:23:24] [INFO] [URLQueue] Added to queue: https://www.mtv.com/ontv/vma/2009/best-female-video/
[2025-10-23 22:23:24] [INFO] [URLQueue] Added to queue: https://latimes.com/entertainment/news/music/la-et-kanye-fallout15-2009sep15,0,4346169.story
[2025-10-23 22:23:24] [INFO] [URLQueue] Added to queue: https://web.archive.org/web/20090923114807/https://www.latimes.com/entertainment/news/music/la-et-kanye-fallout15-2009sep15,0,4346169.story
[2025-10-23 22:23:24] [INFO] [URLQueue] Added to queue: https://web.archive.org/web/20100207040009/https://www.mtv.com/news/articles/1621475/.../swift__taylor.jhtml
[2025-10-23 22:23:24] [INFO] [URLQueue] Added to queue: https://www.mtv.com/news/1621475/adam-lambert-donald-trump-joe-jackson-slam-kanye-wests-vma-stunt/
[2025-10-23 22:23:24] [INFO] [URLQueue] Added to queue: https://news.bbc.co.uk/2/hi/entertainment/8258330.stm
[2025-10-23 22:23:24] [INFO] [URLQueue] Added to queue: https://web.archive.org/web/20180903115121/https://news.bbc.co.uk/2/hi/entertainment/8258330.stm
[2025-10-23 22:23:24] [INFO] [URLQueue] Added to queue: https://www.politico.com/click/stories/0909/did_obama_call_kanye_a_jackass.html
[2025-10-23 22:23:24] [INFO] [URLQueue] Added to queue: https://web.archive.org/web/20100209044435/https://www.politico.com/click/stories/0909/did_obama_call_kanye_a_jackass.html
[2025-10-23 22:23:24] [INFO] [URLQueue] Added to queue: https://archive.today/20121205110150/https://www.people.com/package/article/0,,20302940_20304704,00.html
[2025-10-23 22:23:24] [INFO] [URLQueue] Added to queue: https://www.people.com/package/article/0,,20302940_20304704,00.html
[2025-10-23 22:23:24] [INFO] [URLQueue] Added to queue: https://www.foxnews.com/politics/obama-calls-kanye-west-a-jackass/
[2025-10-23 22:23:24] [INFO] [URLQueue] Added to queue: https://web.archive.org/web/20090916180832/https://www.foxnews.com/politics/2009/09/15/obama-calls-kanye-west-jackass/
[2025-10-23 22:23:24] [INFO] [URLQueue] Added to queue: https://web.archive.org/web/20091001234936/https://newsroom.mtv.com/2009/09/16/kanye-wests-vma-interruption-photos
[2025-10-23 22:23:24] [INFO] [URLQueue] Added to queue: https://newsroom.mtv.com/2009/09/16/kanye-wests-vma-interruption-photos/
[2025-10-23 22:23:24] [INFO] [URLQueue] Added to queue: https://web.archive.org/web/20110615184732/https://entertainment.timesonline.co.uk/tol/arts_and_entertainment/music/article6833664.ece
[2025-10-23 22:23:24] [INFO] [URLQueue] Added to queue: https://entertainment.timesonline.co.uk/tol/arts_and_entertainment/music/article6833664.ece
[2025-10-23 22:23:24] [INFO] [URLQueue] Added to queue: https://web.archive.org/web/20100328130534/https://www.mtv.com/news/articles/1621550/2009915/swift__taylor.jhtml
[2025-10-23 22:23:24] [INFO] [URLQueue] Added to queue: https://www.mtv.com/news/articles/1621550/2009915/swift__taylor.jhtml
[2025-10-23 22:23:24] [INFO] [URLQueue] Added to queue: https://www.today.com/id/32861800
[2025-10-23 22:23:24] [INFO] [URLQueue] Added to queue: https://web.archive.org/web/20131006213404/https://www.today.com/id/32861800
[2025-10-23 22:23:24] [INFO] [URLQueue] Added to queue: https://radaronline.com/exclusives/2010/11/video-kanye-west-backtracks-taylor-swift-apology/
[2025-10-23 22:23:24] [INFO] [URLQueue] Added to queue: https://web.archive.org/web/20190331091030/https://radaronline.com/exclusives/2010/11/video-kanye-west-backtracks-taylor-swift-apology/
[2025-10-23 22:23:24] [INFO] [URLQueue] Added to queue: https://web.archive.org/web/20110814162021/https://dimewars.com/Blog/ViewBlogArticle.aspx?vn=Kanye%2BWest%2BBacktracks%2BOn%2BTaylor%2BSwift%2BApology&BlogID=487b238f-9fac-4228-b9ba-7c29bdfe8528
[2025-10-23 22:23:24] [INFO] [URLQueue] Added to queue: https://dimewars.com/Blog/ViewBlogArticle.aspx?vn=Kanye+West+Backtracks+On+Taylor+Swift+Apology&BlogID=487b238f-9fac-4228-b9ba-7c29bdfe8528
[2025-10-23 22:23:24] [INFO] [URLQueue] Added to queue: https://web.archive.org/web/20101228123251/https://www.complex.com/CELEBRITIES/Cover-Story/kanye-west-project-runaway
[2025-10-23 22:23:24] [INFO] [URLQueue] Added to queue: https://www.complex.com/CELEBRITIES/Cover-Story/kanye-west-project-runaway
[2025-10-23 22:23:24] [INFO] [URLQueue] Added to queue: https://web.archive.org/web/20101228174246/https://www.rollingstone.com/music/songreviews/lost-in-the-world-20101025
[2025-10-23 22:23:24] [INFO] [URLQueue] Added to queue: https://web.archive.org/web/20101212233453/https://www.time.com/time/specials/packages/article/0,28804,2035319_2035313_2035394,00.html
[2025-10-23 22:23:24] [INFO] [URLQueue] Added to queue: https://www.time.com/time/specials/packages/article/0,28804,2035319_2035313_2035394,00.html
[2025-10-23 22:23:24] [INFO] [URLQueue] Added to queue: https://www.billboard.com/artist/kanye-west/chart-history/
[2025-10-23 22:23:24] [INFO] [URLQueue] Added to queue: https://www.billboard.com/music/music-news/kanye-west-premieres-35-minute-long-runaway-video-in-london-954875/
[2025-10-23 22:23:24] [INFO] [URLQueue] Added to queue: https://web.archive.org/web/20140713200936/https://www.billboard.com/articles/columns/the-juice/954875/kanye-west-premieres-35-minute-long-runaway-video-in-london
[2025-10-23 22:23:24] [INFO] [URLQueue] Added to queue: https://www.avclub.com/cataloging-g-o-o-d-fridays-kanye-west-s-beautiful-dar-1798286945
[2025-10-23 22:23:24] [INFO] [URLQueue] Added to queue: https://web.archive.org/web/20221228084021/https://www.avclub.com/cataloging-g-o-o-d-fridays-kanye-west-s-beautiful-dar-1798286945
[2025-10-23 22:23:24] [INFO] [URLQueue] Added to queue: https://www.riaa.com/gold-platinum/?tab_active=default-award&ar=KANYE+WEST&ti=MY+BEAUTIFUL+DARK+TWISTED+FANTASY
[2025-10-23 22:23:24] [INFO] [URLQueue] Added to queue: https://web.archive.org/web/20200819013927/https://www.riaa.com/gold-platinum/?tab_active=default-award&ar=KANYE+WEST&ti=MY+BEAUTIFUL+DARK+TWISTED+FANTASY
[2025-10-23 22:23:24] [INFO] [URLQueue] Added to queue: https://nymag.com/daily/entertainment/2011/12/grammy-nominations-breakdown.html
[2025-10-23 22:23:24] [INFO] [URLQueue] Added to queue: https://web.archive.org/web/20120122085427/https://nymag.com/daily/entertainment/2011/12/grammy-nominations-breakdown.html
[2025-10-23 22:23:24] [INFO] [URLQueue] Added to queue: https://hollywoodreporter.com/news/kanye-west-delivers-one-greatest-179408
[2025-10-23 22:23:24] [INFO] [URLQueue] Added to queue: https://web.archive.org/web/20130227030143/https://www.hollywoodreporter.com/news/kanye-west-delivers-one-greatest-179408
[2025-10-23 22:23:24] [INFO] [URLQueue] Added to queue: https://www.xxlmag.com/news/2011/08/jay-z-kanye-west-miraculously-manage-to-keep-watch-the-throne-leak-free/
[2025-10-23 22:23:24] [INFO] [URLQueue] Added to queue: https://web.archive.org/web/20110816204001/https://www.xxlmag.com/news/2011/08/jay-z-kanye-west-miraculously-manage-to-keep-watch-the-throne-leak-free/
[2025-10-23 22:23:24] [INFO] [URLQueue] Added to queue: https://web.archive.org/web/20110919061629/https://www.rollingstone.com/music/news/jay-z-and-kanye-west-avoid-watch-the-throne-leak-20110808
[2025-10-23 22:23:24] [INFO] [URLQueue] Added to queue: https://www.rollingstone.com/music/news/jay-z-and-kanye-west-avoid-watch-the-throne-leak-20110808
[2025-10-23 22:23:24] [INFO] [URLQueue] Added to queue: https://www.billboard.com/music/music-news/jay-z-kanye-west-tease-watch-the-throne-tour-set-list-watch-465433/
[2025-10-23 22:23:24] [INFO] [URLQueue] Added to queue: https://web.archive.org/web/20180510051151/https://www.billboard.com/articles/columns/the-juice/465433/jay-z-kanye-west-tease-watch-the-throne-tour-set-list-watch
[2025-10-23 22:23:24] [INFO] [URLQueue] Added to queue: https://www.billboard.com/music/music-news/good-music-cruel-summer-track-by-track-review-475043/
[2025-10-23 22:23:24] [INFO] [URLQueue] Added to queue: https://www.nytimes.com/2013/06/16/arts/music/kanye-west-talks-about-his-career-and-album-yeezus.html?pagewanted=all
[2025-10-23 22:23:24] [INFO] [URLQueue] Added to queue: https://web.archive.org/web/20130612162353/https://www.nytimes.com/2013/06/16/arts/music/kanye-west-talks-about-his-career-and-album-yeezus.html?pagewanted=all
[2025-10-23 22:23:24] [INFO] [URLQueue] Added to queue: https://web.archive.org/web/20130626203159/https://pitchfork.com/features/articles/9157-the-yeezus-sessions/
[2025-10-23 22:23:24] [INFO] [URLQueue] Added to queue: https://pitchfork.com/features/articles/9157-the-yeezus-sessions/
[2025-10-23 22:23:24] [INFO] [URLQueue] Added to queue: https://www.chicagotribune.com/entertainment/music/turnitup/chi-kanye-west-yeezus-review-20130616,0,6122329.column
[2025-10-23 22:23:24] [INFO] [URLQueue] Added to queue: https://web.archive.org/web/20130616222316/https://www.chicagotribune.com/entertainment/music/turnitup/chi-kanye-west-yeezus-review-20130616,0,6122329.column
[2025-10-23 22:23:24] [INFO] [URLQueue] Added to queue: https://web.archive.org/web/20130630092456/https://www.rollingstone.com/music/news/rick-rubin-finishing-kanye-wests-yeezus-seemed-impossible-20130627
[2025-10-23 22:23:24] [INFO] [URLQueue] Added to queue: https://www.rollingstone.com/music/news/rick-rubin-finishing-kanye-wests-yeezus-seemed-impossible-20130627
[2025-10-23 22:23:24] [INFO] [URLQueue] Added to queue: https://pitchfork.com/news/50579-watch-kanye-west-projects-new-video-new-slaves-on-buildings-around-the-world/
[2025-10-23 22:23:24] [INFO] [URLQueue] Added to queue: https://web.archive.org/web/20180612143650/https://pitchfork.com/news/50579-watch-kanye-west-projects-new-video-new-slaves-on-buildings-around-the-world/
[2025-10-23 22:23:24] [INFO] [URLQueue] Added to queue: https://web.archive.org/web/20130605083844/https://www.rollingstone.com/music/videos/kanye-west-unleashes-the-fury-of-black-skinhead-on-snl-20130519
[2025-10-23 22:23:24] [INFO] [URLQueue] Added to queue: https://www.rollingstone.com/music/videos/kanye-west-unleashes-the-fury-of-black-skinhead-on-snl-20130519
[2025-10-23 22:23:24] [INFO] [URLQueue] Added to queue: https://web.archive.org/web/20130925064429/https://au.ibtimes.com/articles/480410/20130619/kanye-west-yeezus-kim-kardashian.htm
[2025-10-23 22:23:24] [INFO] [URLQueue] Added to queue: https://au.ibtimes.com/articles/480410/20130619/kanye-west-yeezus-kim-kardashian.htm
[2025-10-23 22:23:24] [INFO] [URLQueue] Added to queue: https://www.billboard.com/articles/news/1568153/official-kanye-wests-yeezus-sells-327000-debuts-at-no-1-on-billboard-200-chart
[2025-10-23 22:23:24] [INFO] [URLQueue] Added to queue: https://web.archive.org/web/20130629000131/https://www.billboard.com/articles/news/1568153/official-kanye-wests-yeezus-sells-327000-debuts-at-no-1-on-billboard-200-chart
[2025-10-23 22:23:24] [INFO] [URLQueue] Added to queue: https://pitchfork.com/news/52170-kanye-west-announces-tour-with-kendrick-lamar/
[2025-10-23 22:23:24] [INFO] [URLQueue] Added to queue: https://web.archive.org/web/20141015155108/https://pitchfork.com/news/52170-kanye-west-announces-tour-with-kendrick-lamar/
[2025-10-23 22:23:24] [INFO] [URLQueue] Added to queue: https://www.glidemagazine.com/39618/kanye-west-announces-fall-arena-tour-kendrick-lamar-opening/
[2025-10-23 22:23:24] [INFO] [URLQueue] Added to queue: https://web.archive.org/web/20141010002939/https://www.glidemagazine.com/39618/kanye-west-announces-fall-arena-tour-kendrick-lamar-opening/
[2025-10-23 22:23:24] [INFO] [URLQueue] Added to queue: https://web.archive.org/web/20160819090854/https://www.rollingstone.com/music/news/11-reasons-kanye-wests-yeezus-tour-is-actually-incredible-20131122
[2025-10-23 22:23:24] [INFO] [URLQueue] Added to queue: https://www.rollingstone.com/music/news/11-reasons-kanye-wests-yeezus-tour-is-actually-incredible-20131122
[2025-10-23 22:23:24] [INFO] [URLQueue] Added to queue: https://www.forbes.com/sites/zackomalleygreenburg/2013/11/25/kanye-west-makes-his-own-artpop-on-yeezus-tour/#7ac1db4f18f2
[2025-10-23 22:23:24] [INFO] [URLQueue] Added to queue: https://web.archive.org/web/20160824110602/https://www.forbes.com/sites/zackomalleygreenburg/2013/11/25/kanye-west-makes-his-own-artpop-on-yeezus-tour/#7ac1db4f18f2
[2025-10-23 22:23:24] [INFO] [URLQueue] Added to queue: https://consequence.net/2014/12/kanye-west-premieres-only-one-featuring-paul-mccartney-listen/
[2025-10-23 22:23:24] [INFO] [URLQueue] Added to queue: https://web.archive.org/web/20210423172637/https://consequence.net/2014/12/kanye-west-premieres-only-one-featuring-paul-mccartney-listen/
[2025-10-23 22:23:24] [INFO] [URLQueue] Added to queue: https://www.nme.com/news/music/paul-mccartney-kanye-west-songwriting-fourfiveseconds-rihanna-kim-kardashian-2341934
[2025-10-23 22:23:24] [INFO] [URLQueue] Added to queue: https://web.archive.org/web/20221228084516/https://www.nme.com/news/music/paul-mccartney-kanye-west-songwriting-fourfiveseconds-rihanna-kim-kardashian-2341934
[2025-10-23 22:23:24] [INFO] [URLQueue] Added to queue: https://www.xxlmag.com/news/2013/11/kanye-west-hopes-new-album-summer/
[2025-10-23 22:23:24] [INFO] [URLQueue] Added to queue: https://web.archive.org/web/20181012215802/https://www.xxlmag.com/news/2013/11/kanye-west-hopes-new-album-summer/
[2025-10-23 22:23:24] [INFO] [URLQueue] Added to queue: https://www.xxlmag.com/news/2013/12/q-tip-will-produce-kanye-wests-next-album-rick-rubin/
[2025-10-23 22:23:24] [INFO] [URLQueue] Added to queue: https://web.archive.org/web/20140527030656/https://www.xxlmag.com/news/2013/12/q-tip-will-produce-kanye-wests-next-album-rick-rubin/
[2025-10-23 22:23:24] [INFO] [URLQueue] Added to queue: https://www.billboard.com/music/rb-hip-hop/kanye-west-announces-name-change-of-his-new-album-on-twitter-swish-so-help-me-god-6553812/
[2025-10-23 22:23:24] [INFO] [URLQueue] Added to queue: https://web.archive.org/web/20150607163951/https://www.billboard.com/articles/columns/the-juice/6553812/kanye-west-announces-name-change-of-his-new-album-on-twitter-swish-so-help-me-god?
[2025-10-23 22:23:24] [INFO] [URLQueue] Added to queue: https://www.theguardian.com/music/2015/may/11/kanye-west-receives-honorary-doctorate-chicago
[2025-10-23 22:23:24] [INFO] [URLQueue] Added to queue: https://web.archive.org/web/20180623170101/https://www.theguardian.com/music/2015/may/11/kanye-west-receives-honorary-doctorate-chicago
[2025-10-23 22:23:24] [INFO] [URLQueue] Added to queue: https://pitchfork.com/news/59535-kanye-west-receives-honorary-doctorate-from-saic-listen/
[2025-10-23 22:23:24] [INFO] [URLQueue] Added to queue: https://web.archive.org/web/20150513205756/https://pitchfork.com/news/59535-kanye-west-receives-honorary-doctorate-from-saic-listen/
[2025-10-23 22:23:24] [INFO] [URLQueue] Added to queue: https://web.archive.org/web/20221208183749/https://abc7chicago.com/kanye-west-new-name-school-of-the-art-institute-chicago-ye-honorary-degree/12545134/
[2025-10-23 22:23:24] [INFO] [URLQueue] Added to queue: https://abc7chicago.com/kanye-west-new-name-school-of-the-art-institute-chicago-ye-honorary-degree/12545134/
[2025-10-23 22:23:24] [INFO] [URLQueue] Added to queue: https://www.nme.com/news/music/kanye-west-304-1224342
[2025-10-23 22:23:24] [INFO] [URLQueue] Added to queue: https://web.archive.org/web/20210204092837/https://www.nme.com/news/music/kanye-west-304-1224342
[2025-10-23 22:23:24] [INFO] [URLQueue] Added to queue: https://www.nme.com/news/kanye-west/86979
[2025-10-23 22:23:24] [INFO] [URLQueue] Added to queue: https://web.archive.org/web/20150721145307/https://www.nme.com/news/kanye-west/86979
[2025-10-23 22:23:24] [INFO] [URLQueue] Added to queue: https://pitchfork.com/news/63468-kanye-west-announces-new-album-title-shares-final-tracklist/
[2025-10-23 22:23:24] [INFO] [URLQueue] Added to queue: https://web.archive.org/web/20160629202953/https://pitchfork.com/news/63468-kanye-west-announces-new-album-title-shares-final-tracklist/
[2025-10-23 22:23:24] [INFO] [URLQueue] Added to queue: https://www.thedailybeast.com/articles/2016/02/09/kanye-west-bill-cosby-is-innocent.html
[2025-10-23 22:23:24] [INFO] [URLQueue] Added to queue: https://web.archive.org/web/20160408133122/https://www.thedailybeast.com/articles/2016/02/09/kanye-west-bill-cosby-is-innocent.html
[2025-10-23 22:23:24] [INFO] [URLQueue] Added to queue: https://www.vulture.com/2016/02/kanye-shares-final-track-list-for-new-album.html
[2025-10-23 22:23:24] [INFO] [URLQueue] Added to queue: https://web.archive.org/web/20221228085447/https://www.vulture.com/2016/02/kanye-shares-final-track-list-for-new-album.html
[2025-10-23 22:23:24] [INFO] [URLQueue] Added to queue: https://www.nme.com/news/music/wiz-khalifa-2-4-1200573
[2025-10-23 22:23:24] [INFO] [URLQueue] Added to queue: https://web.archive.org/web/20221228085444/https://www.nme.com/news/music/wiz-khalifa-2-4-1200573
[2025-10-23 22:23:24] [INFO] [URLQueue] Added to queue: https://pitchfork.com/news/63472-kanye-west-new-album-the-life-of-pablo-debut-live-stream-watch-it-here/
[2025-10-23 22:23:24] [INFO] [URLQueue] Added to queue: https://web.archive.org/web/20160211182735/https://pitchfork.com/news/63472-kanye-west-new-album-the-life-of-pablo-debut-live-stream-watch-it-here/
[2025-10-23 22:23:24] [INFO] [URLQueue] Added to queue: https://pigeonsandplanes.com/2016/02/chance-the-rapper-annotated-ultralight-beam/
[2025-10-23 22:23:24] [INFO] [URLQueue] Added to queue: https://web.archive.org/web/20160623234529/https://pigeonsandplanes.com/2016/02/chance-the-rapper-annotated-ultralight-beam/
[2025-10-23 22:23:24] [INFO] [URLQueue] Added to queue: https://pitchfork.com/reviews/albums/21542-the-life-of-pablo/
[2025-10-23 22:23:24] [INFO] [URLQueue] Added to queue: https://web.archive.org/web/20160215235527/https://pitchfork.com/reviews/albums/21542-the-life-of-pablo/
[2025-10-23 22:23:24] [INFO] [URLQueue] Added to queue: https://www.thefader.com/2016/03/15/kanye-west-is-updating-wolves
[2025-10-23 22:23:24] [INFO] [URLQueue] Added to queue: https://web.archive.org/web/20160317211812/https://www.thefader.com/2016/03/15/kanye-west-is-updating-wolves
[2025-10-23 22:23:24] [INFO] [URLQueue] Added to queue: https://www.slate.com/articles/arts/culturebox/2016/02/kanye_west_s_the_life_of_pablo_is_an_attack_on_the_very_idea_of_the_album.html
[2025-10-23 22:23:24] [INFO] [URLQueue] Added to queue: https://web.archive.org/web/20160324070257/https://www.slate.com/articles/arts/culturebox/2016/02/kanye_west_s_the_life_of_pablo_is_an_attack_on_the_very_idea_of_the_album.html
[2025-10-23 22:23:24] [INFO] [URLQueue] Added to queue: https://blogs.wsj.com/speakeasy/2016/04/01/kanye-wests-the-life-of-pablo-now-widely-available-to-stream/
[2025-10-23 22:23:24] [INFO] [URLQueue] Added to queue: https://web.archive.org/web/20160403211534/https://blogs.wsj.com/speakeasy/2016/04/01/kanye-wests-the-life-of-pablo-now-widely-available-to-stream/
[2025-10-23 22:23:24] [INFO] [URLQueue] Added to queue: https://pitchfork.com/news/63742-kanye-west-says-new-album-coming-this-summer/
[2025-10-23 22:23:24] [INFO] [URLQueue] Added to queue: https://web.archive.org/web/20241002203653/https://pitchfork.com/news/63742-kanye-west-says-new-album-coming-this-summer/
[2025-10-23 22:23:24] [INFO] [URLQueue] Added to queue: https://archive.today/20160313050042/https://twitter.com/kanyewest/status/703446573552967680
[2025-10-23 22:23:24] [INFO] [URLQueue] Added to queue: https://x.com/kanyewest/status/703446573552967680
[2025-10-23 22:23:24] [INFO] [URLQueue] Added to queue: https://time.com/4356393/kanye-west-new-album-cruel-winter/
[2025-10-23 22:23:24] [INFO] [URLQueue] Added to queue: https://web.archive.org/web/20180828224933/https://time.com/4356393/kanye-west-new-album-cruel-winter/
[2025-10-23 22:23:24] [INFO] [URLQueue] Added to queue: https://consequence.net/2016/06/kanye-west-premieres-first-single-from-cruel-winter-listen/
[2025-10-23 22:23:24] [INFO] [URLQueue] Added to queue: https://web.archive.org/web/20210413155718/https://consequence.net/2016/06/kanye-west-premieres-first-single-from-cruel-winter-listen/
[2025-10-23 22:23:24] [INFO] [URLQueue] Added to queue: https://www.eonline.com/news/775796/kanye-west-gets-almost-no-reactions-from-stars-depicted-naked-in-famous-video
[2025-10-23 22:23:24] [INFO] [URLQueue] Added to queue: https://web.archive.org/web/20160628150056/https://www.eonline.com/news/775796/kanye-west-gets-almost-no-reactions-from-stars-depicted-naked-in-famous-video
[2025-10-23 22:23:24] [INFO] [URLQueue] Added to queue: https://hiphopdx.com/news/id.40174/title.kanye-west-soars-above-crowd-to-kick-off-saint-pablo-tour
[2025-10-23 22:23:24] [INFO] [URLQueue] Added to queue: https://web.archive.org/web/20161018202042/https://hiphopdx.com/news/id.40174/title.kanye-west-soars-above-crowd-to-kick-off-saint-pablo-tour
[2025-10-23 22:23:24] [INFO] [URLQueue] Added to queue: https://www.billboard.com/articles/news/7526747/kanye-west-reschedules-saint-pablo-tour-dates-kim-kardashia
[2025-10-23 22:23:24] [INFO] [URLQueue] Added to queue: https://web.archive.org/web/20161008021137/https://www.billboard.com/articles/news/7526747/kanye-west-reschedules-saint-pablo-tour-dates-kim-kardashia
[2025-10-23 22:23:24] [INFO] [URLQueue] Added to queue: https://www.reuters.com/article/us-music-kanyewest/exhausted-kanye-west-hospitalized-cancels-tour-after-bizarre-rants-idUSKBN13G1X6
[2025-10-23 22:23:24] [INFO] [URLQueue] Added to queue: https://web.archive.org/web/20180612141202/https://www.reuters.com/article/us-music-kanyewest/exhausted-kanye-west-hospitalized-cancels-tour-after-bizarre-rants-idUSKBN13G1X6
[2025-10-23 22:23:24] [INFO] [URLQueue] Added to queue: https://www.nbcnews.com/news/us-news/kanye-walks-west-s-saint-pablo-tour-cancelled-following-beyonc-n686856
[2025-10-23 22:23:24] [INFO] [URLQueue] Added to queue: https://web.archive.org/web/20161124152023/https://www.nbcnews.com/news/us-news/kanye-walks-west-s-saint-pablo-tour-cancelled-following-beyonc-n686856
[2025-10-23 22:23:24] [INFO] [URLQueue] Added to queue: https://latimes.com/entertainment/gossip/la-et-mg-kanye-west-hospitalized-kim-kardashian-public-20161122-story.html
[2025-10-23 22:23:24] [INFO] [URLQueue] Added to queue: https://web.archive.org/web/20161123045938/https://www.latimes.com/entertainment/gossip/la-et-mg-kanye-west-hospitalized-kim-kardashian-public-20161122-story.html
[2025-10-23 22:23:24] [INFO] [URLQueue] Added to queue: https://www.hotnewhiphop.com/kanye-west-to-remain-hospitalized-over-thanksgiving-news.25692.html?
[2025-10-23 22:23:24] [INFO] [URLQueue] Added to queue: https://web.archive.org/web/20161125110208/https://www.hotnewhiphop.com/kanye-west-to-remain-hospitalized-over-thanksgiving-news.25692.html
[2025-10-23 22:23:24] [INFO] [URLQueue] Added to queue: https://www.theguardian.com/music/2018/apr/18/kanye-west-twitter-return-philosophy-book
[2025-10-23 22:23:24] [INFO] [URLQueue] Added to queue: https://web.archive.org/web/20180419140116/https://www.theguardian.com/music/2018/apr/18/kanye-west-twitter-return-philosophy-book
[2025-10-23 22:23:24] [INFO] [URLQueue] Added to queue: https://www.highsnobiety.com/2017/05/09/kanye-west-next-album/
[2025-10-23 22:23:24] [INFO] [URLQueue] Added to queue: https://web.archive.org/web/20180420202857/https://www.highsnobiety.com/2017/05/09/kanye-west-next-album/
[2025-10-23 22:23:24] [INFO] [URLQueue] Added to queue: https://www.highsnobiety.com/p/kanye-west-new-album-details-release-date/
[2025-10-23 22:23:24] [INFO] [URLQueue] Added to queue: https://web.archive.org/web/20200831115341/https://www.highsnobiety.com/p/kanye-west-new-album-details-release-date/
[2025-10-23 22:23:24] [INFO] [URLQueue] Added to queue: https://ew.com/books/2018/04/14/kanye-west-book-philosophy-break-the-simulation/
[2025-10-23 22:23:24] [INFO] [URLQueue] Added to queue: https://web.archive.org/web/20180420135909/https://ew.com/books/2018/04/14/kanye-west-book-philosophy-break-the-simulation/
[2025-10-23 22:23:24] [INFO] [URLQueue] Added to queue: https://www.cnn.com/2018/04/19/entertainment/kanye-west-twitter/index.html
[2025-10-23 22:23:24] [INFO] [URLQueue] Added to queue: https://web.archive.org/web/20180420003305/https://www.cnn.com/2018/04/19/entertainment/kanye-west-twitter/index.html
[2025-10-23 22:23:24] [INFO] [URLQueue] Added to queue: https://pitchfork.com/news/kanye-west-announces-new-album-release-date/
[2025-10-23 22:23:24] [INFO] [URLQueue] Added to queue: https://web.archive.org/web/20180419215045/https://pitchfork.com/news/kanye-west-announces-new-album-release-date/
[2025-10-23 22:23:24] [INFO] [URLQueue] Added to queue: https://pitchfork.com/news/kanye-says-hes-producing-nas-new-album
[2025-10-23 22:23:24] [INFO] [URLQueue] Added to queue: https://web.archive.org/web/20180423042727/https://pitchfork.com/news/kanye-says-hes-producing-nas-new-album/
[2025-10-23 22:23:24] [INFO] [URLQueue] Added to queue: https://pitchfork.com/news/kanye-west-premieres-new-song-ye-vs-the-people-with-ti/
[2025-10-23 22:23:24] [INFO] [URLQueue] Added to queue: https://web.archive.org/web/20180428182336/https://pitchfork.com/news/kanye-west-premieres-new-song-ye-vs-the-people-with-ti/
[2025-10-23 22:23:24] [INFO] [URLQueue] Added to queue: https://x.com/kanyewest/status/999777955894050816
[2025-10-23 22:23:24] [INFO] [URLQueue] Added to queue: https://pitchfork.com/news/kanye-west-debuts-new-album-ye-in-wyoming-listen/
[2025-10-23 22:23:24] [INFO] [URLQueue] Added to queue: https://web.archive.org/web/20180602011928/https://pitchfork.com/news/kanye-west-debuts-new-album-ye-in-wyoming-listen/
[2025-10-23 22:23:24] [INFO] [URLQueue] Added to queue: https://pigeonsandplanes.com/news/2018/06/kanye-west-i-completely-redid-the-album-after-tmz
[2025-10-23 22:23:24] [INFO] [URLQueue] Added to queue: https://web.archive.org/web/20180605223749/https://pigeonsandplanes.com/news/2018/06/kanye-west-i-completely-redid-the-album-after-tmz
[2025-10-23 22:23:24] [INFO] [URLQueue] Added to queue: https://www.billboard.com/music/rb-hip-hop/hip-hop-community-reacts-to-nas-new-kanye-west-produced-album-nasir-8461315/
[2025-10-23 22:23:24] [INFO] [URLQueue] Added to queue: https://web.archive.org/web/20191219130644/https://www.billboard.com/articles/columns/hip-hop/8461315/hip-hop-community-reacts-to-nas-new-kanye-west-produced-album-nasir
[2025-10-23 22:23:24] [INFO] [URLQueue] Added to queue: https://pitchfork.com/news/listen-to-teyana-taylors-kanye-produced-new-album-ktse/
[2025-10-23 22:23:24] [INFO] [URLQueue] Added to queue: https://web.archive.org/web/20191219130640/https://pitchfork.com/news/listen-to-teyana-taylors-kanye-produced-new-album-ktse/
[2025-10-23 22:23:24] [INFO] [URLQueue] Added to queue: https://www.theguardian.com/world/2018/sep/29/hear-ye-kanye-west-announces-name-change-ahead-of-snl
[2025-10-23 22:23:24] [INFO] [URLQueue] Added to queue: https://web.archive.org/web/20210413204952/https://www.theguardian.com/world/2018/sep/29/hear-ye-kanye-west-announces-name-change-ahead-of-snl
[2025-10-23 22:23:24] [INFO] [URLQueue] Added to queue: https://pitchfork.com/news/kanye-postpones-release-of-new-album-yandhi-again/
[2025-10-23 22:23:24] [INFO] [URLQueue] Added to queue: https://web.archive.org/web/20221228084717/https://pitchfork.com/news/kanye-postpones-release-of-new-album-yandhi-again/
[2025-10-23 22:23:24] [INFO] [URLQueue] Added to queue: https://web.archive.org/web/20190118210217/https://www.theguardian.com/music/2019/jan/14/kanye-west-coachella-festival-custom-stage
[2025-10-23 22:23:24] [INFO] [URLQueue] Added to queue: https://www.theguardian.com/music/2019/jan/14/kanye-west-coachella-festival-custom-stage
[2025-10-23 22:23:24] [INFO] [URLQueue] Added to queue: https://www.spin.com/2019/07/kanye-west-yandhi-leak/
[2025-10-23 22:23:24] [INFO] [URLQueue] Added to queue: https://web.archive.org/web/20220511013238/https://www.spin.com/2019/07/kanye-west-yandhi-leak/
[2025-10-23 22:23:24] [INFO] [URLQueue] Added to queue: https://www.nme.com/news/music/kanye-west-announces-new-album-jesus-king-next-month-check-tracklist-2543368
[2025-10-23 22:23:24] [INFO] [URLQueue] Added to queue: https://web.archive.org/web/20190921203156/https://www.nme.com/news/music/kanye-west-announces-new-album-jesus-king-next-month-check-tracklist-2543368
[2025-10-23 22:23:24] [INFO] [URLQueue] Added to queue: https://pitchfork.com/news/kanye-west-says-new-album-jesus-is-king-is-out-this-week/
[2025-10-23 22:23:24] [INFO] [URLQueue] Added to queue: https://web.archive.org/web/20191021060603/https://pitchfork.com/news/kanye-west-says-new-album-jesus-is-king-is-out-this-week/
[2025-10-23 22:23:24] [INFO] [URLQueue] Added to queue: https://hypebeast.com/2019/10/kanye-west-yandhi-album-spotify-leak
[2025-10-23 22:23:24] [INFO] [URLQueue] Added to queue: https://web.archive.org/web/20200111203102/https://hypebeast.com/2019/10/kanye-west-yandhi-album-spotify-leak
[2025-10-23 22:23:24] [INFO] [URLQueue] Added to queue: https://www.elle.com/culture/celebrities/a26962861/kanye-west-sunday-services-location-videos-attendees/
[2025-10-23 22:23:24] [INFO] [URLQueue] Added to queue: https://web.archive.org/web/20230326032616/https://www.elle.com/culture/celebrities/a26962861/kanye-west-sunday-services-location-videos-attendees/
[2025-10-23 22:23:24] [INFO] [URLQueue] Added to queue: https://www.cnn.com/2019/04/21/entertainment/kanye-west-new-song-water/index.html
[2025-10-23 22:23:24] [INFO] [URLQueue] Added to queue: https://web.archive.org/web/20230326032617/https://www.cnn.com/2019/04/21/entertainment/kanye-west-new-song-water/index.html
[2025-10-23 22:23:24] [INFO] [URLQueue] Added to queue: https://www.rollingstone.com/music/music-news/new-kanye-west-album-jesus-is-king-878415/
[2025-10-23 22:23:24] [INFO] [URLQueue] Added to queue: https://web.archive.org/web/20190914093002/https://www.rollingstone.com/music/music-news/new-kanye-west-album-jesus-is-king-878415/
[2025-10-23 22:23:24] [INFO] [URLQueue] Added to queue: https://www.usatoday.com/story/entertainment/music/2019/10/25/kanye-west-jesus-is-king-review-imax-film-album/4089656002/
[2025-10-23 22:23:24] [INFO] [URLQueue] Added to queue: https://web.archive.org/web/20230326032629/https://www.usatoday.com/story/entertainment/music/2019/10/25/kanye-west-jesus-is-king-review-imax-film-album/4089656002/
[2025-10-23 22:23:24] [INFO] [URLQueue] Added to queue: https://www.hollywoodreporter.com/news/kanye-wests-jesus-is-king-makes-history-hot-christian-songs-hot-gospel-songs-charts-1253139
[2025-10-23 22:23:24] [INFO] [URLQueue] Added to queue: https://web.archive.org/web/20191107193947/https://www.hollywoodreporter.com/news/kanye-wests-jesus-is-king-makes-history-hot-christian-songs-hot-gospel-songs-charts-1253139
[2025-10-23 22:23:24] [INFO] [URLQueue] Added to queue: https://www.cnn.com/2019/12/25/entertainment/kanye-west-jesus-is-born-trnd/index.html
[2025-10-23 22:23:24] [INFO] [URLQueue] Added to queue: https://web.archive.org/web/20230326032632/https://www.cnn.com/2019/12/25/entertainment/kanye-west-jesus-is-born-trnd/index.html
[2025-10-23 22:23:24] [INFO] [URLQueue] Added to queue: https://www.gq.com/story/inside-kanye-west-vision-for-the-future-cover-may-2020
[2025-10-23 22:23:24] [INFO] [URLQueue] Added to queue: https://web.archive.org/web/20200415223343/https://www.gq.com/story/inside-kanye-west-vision-for-the-future-cover-may-2020
[2025-10-23 22:23:24] [INFO] [URLQueue] Added to queue: https://hypebeast.com/2020/9/kanye-west-not-releasing-new-music-until-freed-from-sony-universal-contracts
[2025-10-23 22:23:24] [INFO] [URLQueue] Added to queue: https://web.archive.org/web/20230326032636/https://hypebeast.com/2020/9/kanye-west-not-releasing-new-music-until-freed-from-sony-universal-contracts
[2025-10-23 22:23:24] [INFO] [URLQueue] Added to queue: https://www.hotnewhiphop.com/kanye-west-remixes-nah-nah-nah-with-dababy-and-2-chainz-new-song.1989328.html
[2025-10-23 22:23:24] [INFO] [URLQueue] Added to queue: https://web.archive.org/web/20201113143332/https://www.hotnewhiphop.com/kanye-west-remixes-nah-nah-nah-with-dababy-and-2-chainz-new-song.1989328.html
[2025-10-23 22:23:24] [INFO] [URLQueue] Added to queue: https://www.rollingstone.com/music/music-features/kanye-west-donda-premiere-review-1201351/
[2025-10-23 22:23:24] [INFO] [URLQueue] Added to queue: https://web.archive.org/web/20210726150941/https://www.rollingstone.com/music/music-features/kanye-west-donda-premiere-review-1201351/
[2025-10-23 22:23:24] [INFO] [URLQueue] Added to queue: https://apnews.com/article/entertainment-music-arts-and-entertainment-hip-hop-and-rap-kanye-west-adad6ab7856b767e49ee4bc847c42e42
[2025-10-23 22:23:24] [INFO] [URLQueue] Added to queue: https://web.archive.org/web/20210727034724/https://apnews.com/article/entertainment-music-arts-and-entertainment-hip-hop-and-rap-kanye-west-adad6ab7856b767e49ee4bc847c42e42
[2025-10-23 22:23:24] [INFO] [URLQueue] Added to queue: https://www.rollingstone.com/music/music-news/kanye-west-donda-streaming-services-1218346/
[2025-10-23 22:23:24] [INFO] [URLQueue] Added to queue: https://web.archive.org/web/20210829153643/https://www.rollingstone.com/music/music-news/kanye-west-donda-streaming-services-1218346/
[2025-10-23 22:23:24] [INFO] [URLQueue] Added to queue: https://www.bbc.com/news/entertainment-arts-58383576
[2025-10-23 22:23:24] [INFO] [URLQueue] Added to queue: https://web.archive.org/web/20230326032704/https://www.bbc.com/news/entertainment-arts-58383576
[2025-10-23 22:23:24] [INFO] [URLQueue] Added to queue: https://americansongwriter.com/ye-formerly-kanye-west-releases-donda-deluxe-edition-featuring-new-big-names/
[2025-10-23 22:23:24] [INFO] [URLQueue] Added to queue: https://web.archive.org/web/20230524044633/https://americansongwriter.com/ye-formerly-kanye-west-releases-donda-deluxe-edition-featuring-new-big-names/
[2025-10-23 22:23:24] [INFO] [URLQueue] Added to queue: https://www.billboard.com/music/rb-hip-hop/drake-ye-reconcile-photographs-1234998304/
[2025-10-23 22:23:24] [INFO] [URLQueue] Added to queue: https://web.archive.org/web/20230326032704/https://www.billboard.com/music/rb-hip-hop/drake-ye-reconcile-photographs-1234998304/
[2025-10-23 22:23:24] [INFO] [URLQueue] Added to queue: https://www.rollingstone.com/music/music-news/kanye-west-drake-free-larry-hoover-benefit-concert-1260723/
[2025-10-23 22:23:24] [INFO] [URLQueue] Added to queue: https://web.archive.org/web/20230326032709/https://www.rollingstone.com/music/music-news/kanye-west-drake-free-larry-hoover-benefit-concert-1260723/
[2025-10-23 22:23:24] [INFO] [URLQueue] Added to queue: https://www.billboard.com/business/touring/coachella-2022-kanye-west-billie-eilish-headliners-1235015988/
[2025-10-23 22:23:24] [INFO] [URLQueue] Added to queue: https://web.archive.org/web/20230804080420/https://www.billboard.com/business/touring/coachella-2022-kanye-west-billie-eilish-headliners-1235015988/
[2025-10-23 22:23:24] [INFO] [URLQueue] Added to queue: https://www.rollingstone.com/music/music-news/kanye-west-the-game-eazy-drop-1284695/
[2025-10-23 22:23:24] [INFO] [URLQueue] Added to queue: https://archive.today/20220115082443/https://www.rollingstone.com/music/music-news/kanye-west-the-game-eazy-drop-1284695/
[2025-10-23 22:23:24] [INFO] [URLQueue] Added to queue: https://ew.com/music/kanye-west-donda-2-release-date-future-executive-producer/
[2025-10-23 22:23:24] [INFO] [URLQueue] Added to queue: https://web.archive.org/web/20220127191544/https://ew.com/music/kanye-west-donda-2-release-date-future-executive-producer/
[2025-10-23 22:23:24] [INFO] [URLQueue] Added to queue: https://www.rollingstone.com/music/music-news/kanye-west-donda-2-22222-event-miami-kid-cudi-beef-1299424/
[2025-10-23 22:23:24] [INFO] [URLQueue] Added to queue: https://web.archive.org/web/20230326032725/https://www.rollingstone.com/music/music-news/kanye-west-donda-2-22222-event-miami-kid-cudi-beef-1299424/
[2025-10-23 22:23:24] [INFO] [URLQueue] Added to queue: https://variety.com/2022/music/news/kanye-west-pulls-out-of-coachella-1235224072/
[2025-10-23 22:23:24] [INFO] [URLQueue] Added to queue: https://web.archive.org/web/20230819010240/https://variety.com/2022/music/news/kanye-west-pulls-out-of-coachella-1235224072/
[2025-10-23 22:23:24] [INFO] [URLQueue] Added to queue: https://www.billboard.com/music/music-news/kanye-west-cancels-rolling-loud-miami-2022-performance-1235115265/
[2025-10-23 22:23:24] [INFO] [URLQueue] Added to queue: https://web.archive.org/web/20230326032727/https://www.billboard.com/music/music-news/kanye-west-cancels-rolling-loud-miami-2022-performance-1235115265/
[2025-10-23 22:23:24] [INFO] [URLQueue] Added to queue: https://www.rollingstone.com/music/music-news/kanye-west-returns-eazy-at-the-game-la-show-1380457/
[2025-10-23 22:23:24] [INFO] [URLQueue] Added to queue: https://web.archive.org/web/20230326032726/https://www.rollingstone.com/music/music-news/kanye-west-returns-eazy-at-the-game-la-show-1380457/
[2025-10-23 22:23:24] [INFO] [URLQueue] Added to queue: https://pitchfork.com/news/kanye-west-after-canceling-headlining-set-shows-up-at-rolling-loud-to-do-hot-shit-with-lil-durk/
[2025-10-23 22:23:24] [INFO] [URLQueue] Added to queue: https://web.archive.org/web/20230326032733/https://pitchfork.com/news/kanye-west-after-canceling-headlining-set-shows-up-at-rolling-loud-to-do-hot-shit-with-lil-durk/
[2025-10-23 22:23:24] [INFO] [URLQueue] Added to queue: https://www.rollingstone.com/music/music-news/kanye-west-someday-well-all-be-free-new-song-infowars-1234643524/
[2025-10-23 22:23:24] [INFO] [URLQueue] Added to queue: https://web.archive.org/web/20230326032733/https://www.rollingstone.com/music/music-news/kanye-west-someday-well-all-be-free-new-song-infowars-1234643524/
[2025-10-23 22:23:24] [INFO] [URLQueue] Added to queue: https://www.nbcnews.com/pop-culture/pop-culture-news/ye-plans-drop-new-album-rcna101889
[2025-10-23 22:23:24] [INFO] [URLQueue] Added to queue: https://web.archive.org/web/20231119023619/https://www.nbcnews.com/pop-culture/pop-culture-news/ye-plans-drop-new-album-rcna101889
[2025-10-23 22:23:24] [INFO] [URLQueue] Added to queue: https://www.billboard.com/pro/kanye-west-new-album-ty-dolla-sign-shopping-distributors/
[2025-10-23 22:23:24] [INFO] [URLQueue] Added to queue: https://web.archive.org/web/20231128012339/https://www.billboard.com/pro/kanye-west-new-album-ty-dolla-sign-shopping-distributors/
[2025-10-23 22:23:24] [INFO] [URLQueue] Added to queue: https://hiphopdx.com/news/lil-durk-kanye-west-vultures-removed-reaction
[2025-10-23 22:23:24] [INFO] [URLQueue] Added to queue: https://web.archive.org/web/20231122130556/https://hiphopdx.com/news/lil-durk-kanye-west-vultures-removed-reaction
[2025-10-23 22:23:24] [INFO] [URLQueue] Added to queue: https://www.vibe.com/news/entertainment/kanye-west-tiktok-4batz-new-favorite-artist-1234846807/
[2025-10-23 22:23:24] [INFO] [URLQueue] Added to queue: https://web.archive.org/web/20240217041724/https://www.vibe.com/news/entertainment/kanye-west-tiktok-4batz-new-favorite-artist-1234846807/
[2025-10-23 22:23:24] [INFO] [URLQueue] Added to queue: https://www.hotnewhiphop.com/758727-kanye-west-4batz-industry-plant-hip-hop-news
[2025-10-23 22:23:24] [INFO] [URLQueue] Added to queue: https://web.archive.org/web/20240222190623/https://www.hotnewhiphop.com/758727-kanye-west-4batz-industry-plant-hip-hop-news
[2025-10-23 22:23:24] [INFO] [URLQueue] Added to queue: https://www.xxlmag.com/kanye-west-north-west-talking-once-again-video/
[2025-10-23 22:23:24] [INFO] [URLQueue] Added to queue: https://web.archive.org/web/20240207231932/https://www.xxlmag.com/kanye-west-north-west-talking-once-again-video/
[2025-10-23 22:23:24] [INFO] [URLQueue] Added to queue: https://pitchfork.com/news/kanye-west-and-ty-dolla-sign-release-new-album-vultures-1/
[2025-10-23 22:23:24] [INFO] [URLQueue] Added to queue: https://web.archive.org/web/20240211030525/https://pitchfork.com/news/kanye-west-and-ty-dolla-sign-release-new-album-vultures-1/
[2025-10-23 22:23:24] [INFO] [URLQueue] Added to queue: https://www.xxlmag.com/kanye-west-y3-album/
[2025-10-23 22:23:24] [INFO] [URLQueue] Added to queue: https://web.archive.org/web/20240210203053/https://www.xxlmag.com/kanye-west-y3-album/
[2025-10-23 22:23:24] [INFO] [URLQueue] Added to queue: https://www.xxlmag.com/kanye-west-denies-y3-solo-album-dropping/
[2025-10-23 22:23:24] [INFO] [URLQueue] Added to queue: https://web.archive.org/web/20240929034936/https://www.xxlmag.com/kanye-west-denies-y3-solo-album-dropping/
[2025-10-23 22:23:24] [INFO] [URLQueue] Added to queue: https://variety.com/2024/music/news/kanye-west-ty-dolla-ign-finally-release-vultures-album-1235906767/
[2025-10-23 22:23:24] [INFO] [URLQueue] Added to queue: https://web.archive.org/web/20240210154448/https://variety.com/2024/music/news/kanye-west-ty-dolla-ign-finally-release-vultures-album-1235906767/
[2025-10-23 22:23:24] [INFO] [URLQueue] Added to queue: https://www.billboard.com/music/rb-hip-hop/kanye-west-ty-dolla-sign-vultures-1-album-stream-it-now-1235558698/
[2025-10-23 22:23:24] [INFO] [URLQueue] Added to queue: https://web.archive.org/web/20240210213649/https://www.billboard.com/music/rb-hip-hop/kanye-west-ty-dolla-sign-vultures-1-album-stream-it-now-1235558698/
[2025-10-23 22:23:24] [INFO] [URLQueue] Added to queue: https://web.archive.org/web/20240218201249/https://www.billboard.com/music/chart-beat/kanye-west-ty-dolla-sign-vultures-1-debuts-number-one-billboard-200-albums-chart-1235610342/
[2025-10-23 22:23:24] [INFO] [URLQueue] Added to queue: https://www.billboard.com/music/chart-beat/kanye-west-ty-dolla-sign-vultures-1-debuts-number-one-billboard-200-albums-chart-1235610342/
[2025-10-23 22:23:24] [INFO] [URLQueue] Added to queue: https://hiphopdx.com/news/kanye-west-ty-dolla-sign-vultures-2-finally-here
[2025-10-23 22:23:24] [INFO] [URLQueue] Added to queue: https://web.archive.org/web/20240816105531/https://hiphopdx.com/news/kanye-west-ty-dolla-sign-vultures-2-finally-here
[2025-10-23 22:23:24] [INFO] [URLQueue] Added to queue: https://uproxx.com/music/kanye-west-announces-solo-album-bully/
[2025-10-23 22:23:24] [INFO] [URLQueue] Added to queue: https://web.archive.org/web/20240929034910/https://uproxx.com/music/kanye-west-announces-solo-album-bully/
[2025-10-23 22:23:24] [INFO] [URLQueue] Added to queue: https://www.billboard.com/music/music-news/kanye-west-bully-album-beauty-and-the-best-song-announcement-1235787962/
[2025-10-23 22:23:24] [INFO] [URLQueue] Added to queue: https://web.archive.org/web/20240929034834/https://www.billboard.com/music/music-news/kanye-west-bully-album-beauty-and-the-best-song-announcement-1235787962/
[2025-10-23 22:23:24] [INFO] [URLQueue] Added to queue: https://www.nme.com/news/music/kim-kardashian-and-kanye-west-at-war-after-he-drops-song-seemingly-featuring-diddy-and-their-daughter-north-3846591
[2025-10-23 22:23:24] [INFO] [URLQueue] Added to queue: https://variety.com/2025/music/news/kanye-west-releases-bully-album-saint-west-film-1236342007/
[2025-10-23 22:23:24] [INFO] [URLQueue] Added to queue: https://web.archive.org/web/20250319235023/https://variety.com/2025/music/news/kanye-west-releases-bully-album-saint-west-film-1236342007/
[2025-10-23 22:23:24] [INFO] [URLQueue] Added to queue: https://www.latimes.com/entertainment-arts/music/story/2025-03-19/kanye-west-sort-of-releases-new-album-bully-amid-more-hateful-posts
[2025-10-23 22:23:24] [INFO] [URLQueue] Added to queue: https://web.archive.org/web/20250321024229/https://www.latimes.com/entertainment-arts/music/story/2025-03-19/kanye-west-sort-of-releases-new-album-bully-amid-more-hateful-posts
[2025-10-23 22:23:24] [INFO] [URLQueue] Added to queue: https://www.billboard.com/music/rb-hip-hop/ye-surprise-drop-bully-album-short-wrestling-film-saint-west-1235925742/
[2025-10-23 22:23:24] [INFO] [URLQueue] Added to queue: https://web.archive.org/web/20250320000251/https://www.billboard.com/music/rb-hip-hop/ye-surprise-drop-bully-album-short-wrestling-film-saint-west-1235925742/
[2025-10-23 22:23:24] [INFO] [URLQueue] Added to queue: https://www.vibe.com/music/music-news/kanye-west-unconventionally-releases-album-bully-streaming-1235056098/
[2025-10-23 22:23:24] [INFO] [URLQueue] Added to queue: https://raptv.com/article/ye-drops-ww3-amid-copyright-lawsuit-by-german-singer/
[2025-10-23 22:23:24] [INFO] [URLQueue] Added to queue: https://web.archive.org/web/20250401043606/https://raptv.com/article/ye-drops-ww3-amid-copyright-lawsuit-by-german-singer/
[2025-10-23 22:23:24] [INFO] [URLQueue] Added to queue: https://www.hotnewhiphop.com/902634-kanye-west-dave-blunts-album-progress-hip-hop-news
[2025-10-23 22:23:24] [INFO] [URLQueue] Added to queue: https://www.vibe.com/music/music-news/kanye-west-tracklist-for-new-album-ww3-1235059177/
[2025-10-23 22:23:24] [INFO] [URLQueue] Added to queue: https://www.billboard.com/lists/kanye-west-interview-dj-akademiks-2025/
[2025-10-23 22:23:24] [INFO] [URLQueue] Added to queue: https://www.hotnewhiphop.com/904297-kanye-west-album-cuck-hip-hop-news
[2025-10-23 22:23:24] [INFO] [URLQueue] Added to queue: https://www.digitalmusicnews.com/2025/05/19/kanye-west-album-leaked-discord/
[2025-10-23 22:23:24] [INFO] [URLQueue] Added to queue: https://www.hotnewhiphop.com/922473-kanye-west-changing-album-controversial-title-hip-hop-news
[2025-10-23 22:23:24] [INFO] [URLQueue] Added to queue: https://economictimes.indiatimes.com/news/international/new-zealand/kanye-west-drops-donda-2-on-youtube-and-spotify-after-two-year-wait/articleshow/120759160.cms?from=mdr
[2025-10-23 22:23:24] [INFO] [URLQueue] Added to queue: https://search.worldcat.org/issn/0013-0389
[2025-10-23 22:23:24] [INFO] [URLQueue] Added to queue: https://www.billboard.com/music/rb-hip-hop/kanye-west-nba-youngboy-alive-1235977939/
[2025-10-23 22:23:24] [INFO] [URLQueue] Added to queue: https://www.hotnewhiphop.com/921759-kanye-west-bully-part-one-stream
[2025-10-23 22:23:24] [INFO] [URLQueue] Added to queue: https://www.rollingstone.com/music/music-news/sean-combs-son-releases-song-diddy-free-with-kanye-west-1235374231/
[2025-10-23 22:23:24] [INFO] [URLQueue] Added to queue: https://variety.com/2025/music/news/sean-combs-son-kanye-west-diddy-free-song-lyrics-trial-1236442778/
[2025-10-23 22:23:24] [INFO] [URLQueue] Added to queue: https://archive.org/details/anthologyofrap00brad
[2025-10-23 22:23:24] [INFO] [URLQueue] Added to queue: https://archive.org/details/anthologyofrap00brad/page/705
[2025-10-23 22:23:24] [INFO] [URLQueue] Added to queue: https://nytimes.com/2007/08/26/arts/music/26cara.html
[2025-10-23 22:23:24] [INFO] [URLQueue] Added to queue: https://web.archive.org/web/20131114004037/https://www.nytimes.com/2007/08/26/arts/music/26cara.html
[2025-10-23 22:23:24] [INFO] [URLQueue] Added to queue: https://www.popmatters.com/194052-who-will-survive-in-america-kanye-wests-hybridization-of-hip-hop-2495523254.html
[2025-10-23 22:23:24] [INFO] [URLQueue] Added to queue: https://web.archive.org/web/20190428040758/https://www.popmatters.com/194052-who-will-survive-in-america-kanye-wests-hybridization-of-hip-hop-2495523254.html
[2025-10-23 22:23:24] [INFO] [URLQueue] Added to queue: https://www.telegraph.co.uk/culture/music/10940931/Kanye-West-Hip-hops-David-Bowie.html
[2025-10-23 22:23:24] [INFO] [URLQueue] Added to queue: https://ghostarchive.org/archive/20220110/https://www.telegraph.co.uk/culture/music/10940931/Kanye-West-Hip-hops-David-Bowie.html
[2025-10-23 22:23:24] [INFO] [URLQueue] Added to queue: https://web.archive.org/web/20051027222703/https://www.vh1.com/artists/news/1511372/10122005/west_kanye.jhtml
[2025-10-23 22:23:24] [INFO] [URLQueue] Added to queue: https://www.vh1.com/artists/news/1511372/10122005/west_kanye.jhtml
[2025-10-23 22:23:24] [INFO] [URLQueue] Added to queue: https://web.archive.org/web/20130325070201/https://www.rollingstone.com/music/lists/the-100-greatest-debut-albums-of-all-time-20130322/the-college-dropout-19691231
[2025-10-23 22:23:24] [INFO] [URLQueue] Added to queue: https://www.rollingstone.com/music/lists/the-100-greatest-debut-albums-of-all-time-20130322/the-college-dropout-19691231
[2025-10-23 22:23:24] [INFO] [URLQueue] Added to queue: https://web.archive.org/web/20050130180742/https://www.exclaim.ca/index.asp?layid=22&csid=1&csid1=2325
[2025-10-23 22:23:24] [INFO] [URLQueue] Added to queue: https://www.exclaim.ca/index.asp?layid=22&csid=1&csid1=2325
[2025-10-23 22:23:24] [INFO] [URLQueue] Added to queue: https://web.archive.org/web/20200930070532/https://www.independent.co.uk/news/people/profiles/kanye-west-king-of-rap-403127.html
[2025-10-23 22:23:24] [INFO] [URLQueue] Added to queue: https://www.independent.co.uk/news/people/kanye-west-king-of-rap-403127.html
[2025-10-23 22:23:24] [INFO] [URLQueue] Added to queue: https://www.usatoday.com/story/life/music/2016/02/09/kanye-west-new-album/79814890/#
[2025-10-23 22:23:24] [INFO] [URLQueue] Added to queue: https://web.archive.org/web/20160210162150/https://www.usatoday.com/story/life/music/2016/02/09/kanye-west-new-album/79814890/
[2025-10-23 22:23:24] [INFO] [URLQueue] Added to queue: https://www.nytimes.com/2013/06/16/arts/music/kanye-west-talks-about-his-career-and-album-yeezus.html
[2025-10-23 22:23:24] [INFO] [URLQueue] Added to queue: https://web.archive.org/web/20130612210522/https://www.nytimes.com/2013/06/16/arts/music/kanye-west-talks-about-his-career-and-album-yeezus.html
[2025-10-23 22:23:24] [INFO] [URLQueue] Added to queue: https://books.google.com/books?id=J9kDAAAAMBAJ&pg=PA93
[2025-10-23 22:23:24] [INFO] [URLQueue] Added to queue: https://web.archive.org/web/20240302210259/https://books.google.com/books?id=J9kDAAAAMBAJ&pg=PA93#v=onepage&q&f=false
[2025-10-23 22:23:24] [INFO] [URLQueue] Added to queue: https://www.stylusmagazine.com/reviews/kanye-west/the-college-dropout.htm
[2025-10-23 22:23:24] [INFO] [URLQueue] Added to queue: https://web.archive.org/web/20060915033648/https://www.stylusmagazine.com/reviews/kanye-west/the-college-dropout.htm
[2025-10-23 22:23:24] [INFO] [URLQueue] Added to queue: https://archive.today/20120722204901/https://www.courier-journal.com/article/2009912270315
[2025-10-23 22:23:24] [INFO] [URLQueue] Added to queue: https://www.courier-journal.com/article/2009912270315
[2025-10-23 22:23:24] [INFO] [URLQueue] Added to queue: https://pqasb.pqarchiver.com/courier_journal/access/1928558221.html?FMT=ABS&FMTS=ABS:FT&type=current&date=Dec+27%2C+2009&author=&pub=Courier+-+Journal&edition=&startpage=I.3&desc=Music+of+the+decade
[2025-10-23 22:23:24] [INFO] [URLQueue] Added to queue: https://web.archive.org/web/20121107123558/https://pqasb.pqarchiver.com/courier_journal/access/1928558221.html?FMT=ABS&FMTS=ABS:FT&type=current&date=Dec+27,+2009&author=&pub=Courier+-+Journal&edition=&startpage=I.3&desc=Music+of+the+decade
[2025-10-23 22:23:24] [INFO] [URLQueue] Added to queue: https://web.archive.org/web/20070929172650/https://www.stylusmagazine.com/reviews/kanye-west/graduation.htm
[2025-10-23 22:23:24] [INFO] [URLQueue] Added to queue: https://www.stylusmagazine.com/reviews/kanye-west/graduation.htm
[2025-10-23 22:23:24] [INFO] [URLQueue] Added to queue: https://web.archive.org/web/20071006002519/https://concreteloop.com/interviews-kanyewest
[2025-10-23 22:23:24] [INFO] [URLQueue] Added to queue: https://concreteloop.com/interviews-kanyewest
[2025-10-23 22:23:24] [INFO] [URLQueue] Added to queue: https://books.google.com/books?id=s_CHAwAAQBAJ&pg=PA49
[2025-10-23 22:23:24] [INFO] [URLQueue] Added to queue: https://web.archive.org/web/20240302200328/https://books.google.com/books?id=s_CHAwAAQBAJ&pg=PA49#v=onepage&q&f=false
[2025-10-23 22:23:24] [INFO] [URLQueue] Added to queue: https://web.archive.org/web/20081201073453/https://www.independent.co.uk/arts-entertainment/music/reviews/album-kanye-west-808s-amp-heartbreakrocafellamercury-1038395.html
[2025-10-23 22:23:24] [INFO] [URLQueue] Added to queue: https://www.independent.co.uk/arts-entertainment/music/reviews/album-kanye-west-808s-amp-heartbreak-rocafella-mercury-1038395.html
[2025-10-23 22:23:24] [INFO] [URLQueue] Added to queue: https://www.theatlantic.com/entertainment/archive/2013/06/the-shocking-poignance-of-kanye-wests-i-yeezus-i/276919/
[2025-10-23 22:23:24] [INFO] [URLQueue] Added to queue: https://web.archive.org/web/20130618154714/https://www.theatlantic.com/entertainment/archive/2013/06/the-shocking-poignance-of-kanye-wests-i-yeezus-i/276919/
[2025-10-23 22:23:24] [INFO] [URLQueue] Added to queue: https://www.chicagotribune.com/entertainment/music/kot/ct-kanye-west-pablo-review-ent-0217-20160215-column.html
[2025-10-23 22:23:24] [INFO] [URLQueue] Added to queue: https://web.archive.org/web/20160405173258/https://www.chicagotribune.com/entertainment/music/kot/ct-kanye-west-pablo-review-ent-0217-20160215-column.html
[2025-10-23 22:23:24] [INFO] [URLQueue] Added to queue: https://www.rollingstone.com/music/music-features/kanye-wests-jesus-is-king-a-work-in-progress-892567/
[2025-10-23 22:23:24] [INFO] [URLQueue] Added to queue: https://web.archive.org/web/20191001125147/https://www.rollingstone.com/music/music-features/kanye-wests-jesus-is-king-a-work-in-progress-892567/
[2025-10-23 22:23:24] [INFO] [URLQueue] Added to queue: https://www.rollingstone.com/music/music-live-reviews/kanye-west-jesus-is-king-detroit-892196/
[2025-10-23 22:23:24] [INFO] [URLQueue] Added to queue: https://web.archive.org/web/20191001024556/https://www.rollingstone.com/music/music-live-reviews/kanye-west-jesus-is-king-detroit-892196/
[2025-10-23 22:23:24] [INFO] [URLQueue] Added to queue: https://consequence.net/2021/08/donda-review-kanye-west-analysis/
[2025-10-23 22:23:24] [INFO] [URLQueue] Added to queue: https://web.archive.org/web/20210830004008/https://consequence.net/2021/08/donda-review-kanye-west-analysis/
[2025-10-23 22:23:24] [INFO] [URLQueue] Added to queue: https://www.popmatters.com/kids-see-ghosts-2579340354.html?rebelltitem=1
[2025-10-23 22:23:24] [INFO] [URLQueue] Added to queue: https://web.archive.org/web/20190715150327/https://www.popmatters.com/kids-see-ghosts-2579340354.html?rebelltitem=1#rebelltitem1
[2025-10-23 22:23:24] [INFO] [URLQueue] Added to queue: https://web.archive.org/web/20070929131853/https://www.stuffmagazine.com/articles/index.aspx?id=1171
[2025-10-23 22:23:24] [INFO] [URLQueue] Added to queue: https://www.stuffmagazine.com/articles/index.aspxid=1171
[2025-10-23 22:23:24] [INFO] [URLQueue] Added to queue: https://web.archive.org/web/20171104184326/https://www.thefashpack.net/perfectionist-kanye-wests-pastelle-line-cancelled/
[2025-10-23 22:23:24] [INFO] [URLQueue] Added to queue: https://www.thefashpack.net/perfectionist-kanye-wests-pastelle-line-cancelled/
[2025-10-23 22:23:24] [INFO] [URLQueue] Added to queue: https://www.complex.com/style/2011/09/what-couldve-been-a-history-of-kanyes-defunct-pastelle-line
[2025-10-23 22:23:24] [INFO] [URLQueue] Added to queue: https://web.archive.org/web/20120827065926/https://www.complex.com/style/2011/09/what-couldve-been-a-history-of-kanyes-defunct-pastelle-line
[2025-10-23 22:23:24] [INFO] [URLQueue] Added to queue: https://www.kickgame.co.uk/products/kanye-west-x-bapesta-fs-001-low-college-dropout
[2025-10-23 22:23:24] [INFO] [URLQueue] Added to queue: https://web.archive.org/web/20220327010336/https://www.kickgame.co.uk/products/kanye-west-x-bapesta-fs-001-low-college-dropout
[2025-10-23 22:23:24] [INFO] [URLQueue] Added to queue: https://web.archive.org/web/20211227045241/https://www.gq.com/story/kanye-west-bape-sneakers-collaboration
[2025-10-23 22:23:24] [INFO] [URLQueue] Added to queue: https://www.gq.com/story/kanye-west-bape-sneakers-collaboration
[2025-10-23 22:23:24] [INFO] [URLQueue] Added to queue: https://www.complex.com/sneakers/2012/05/a-complete-history-of-hip-hop-sneaker-deals/
[2025-10-23 22:23:24] [INFO] [URLQueue] Added to queue: https://web.archive.org/web/20190121010852/https://www.complex.com/sneakers/2012/05/a-complete-history-of-hip-hop-sneaker-deals/
[2025-10-23 22:23:24] [INFO] [URLQueue] Added to queue: https://hypebeast.com/2009/3/kanye-west-x-louis-vuitton-sneakers-for-june-2009
[2025-10-23 22:23:24] [INFO] [URLQueue] Added to queue: https://web.archive.org/web/20181106145819/https://hypebeast.com/2009/3/kanye-west-x-louis-vuitton-sneakers-for-june-2009
[2025-10-23 22:23:24] [INFO] [URLQueue] Added to queue: https://globalgrind.com/style/kanye-west-complete-history-shoe-designs-photos
[2025-10-23 22:23:24] [INFO] [URLQueue] Added to queue: https://web.archive.org/web/20121128063533/https://globalgrind.com/style/kanye-west-complete-history-shoe-designs-photos
[2025-10-23 22:23:24] [INFO] [URLQueue] Added to queue: https://www.sohh.com/kanye-west-reveals-global-escapes-i-moved-to-rome-after-i-left-japan-worked-at-fendi-for-4-months-under-cover
[2025-10-23 22:23:24] [INFO] [URLQueue] Added to queue: https://web.archive.org/web/20170731120447/https://www.sohh.com/kanye-west-reveals-global-escapes-i-moved-to-rome-after-i-left-japan-worked-at-fendi-for-4-months-under-cover/
[2025-10-23 22:23:24] [INFO] [URLQueue] Added to queue: https://hypebeast.com/2011/5/kanye-west-x-mm-paris-silk-scarves-a-closer-look
[2025-10-23 22:23:24] [INFO] [URLQueue] Added to queue: https://web.archive.org/web/20130302031044/https://hypebeast.com/2011/5/kanye-west-x-mm-paris-silk-scarves-a-closer-look
[2025-10-23 22:23:24] [INFO] [URLQueue] Added to queue: https://web.archive.org/web/20111015193050/https://ifdb.co/fashion/kanye_west_-_womens_springsummer_2012_rtw_show/1291
[2025-10-23 22:23:24] [INFO] [URLQueue] Added to queue: https://nymag.com/daily/fashion/2011/10/what_kanye_west_got_right_and.html
[2025-10-23 22:23:24] [INFO] [URLQueue] Added to queue: https://web.archive.org/web/20111004233358/https://nymag.com/daily/fashion/2011/10/what_kanye_west_got_right_and.html
[2025-10-23 22:23:24] [INFO] [URLQueue] Added to queue: https://huffingtonpost.com/2012/03/06/kanye-west-fall-2012-fashion-show_n_1325769.html
[2025-10-23 22:23:24] [INFO] [URLQueue] Added to queue: https://web.archive.org/web/20120307121554/https://www.huffingtonpost.com/2012/03/06/kanye-west-fall-2012-fashion-show_n_1325769.html
[2025-10-23 22:23:24] [INFO] [URLQueue] Added to queue: https://fashion.telegraph.co.uk/article/TMG9126626/Paris-Fashion-Week-Kanye-West-autumnwinter-2012.html
[2025-10-23 22:23:24] [INFO] [URLQueue] Added to queue: https://web.archive.org/web/20131005132102/https://fashion.telegraph.co.uk/article/TMG9126626/Paris-Fashion-Week-Kanye-West-autumnwinter-2012.html
[2025-10-23 22:23:24] [INFO] [URLQueue] Added to queue: https://www.thefader.com/2012/03/07/kanye-west-at-paris-fashion-week-round-ii-the-reviews/
[2025-10-23 22:23:24] [INFO] [URLQueue] Added to queue: https://web.archive.org/web/20180909035413/https://www.thefader.com/2012/03/07/kanye-west-at-paris-fashion-week-round-ii-the-reviews/
[2025-10-23 22:23:24] [INFO] [URLQueue] Added to queue: https://blogs.wsj.com/speakeasy/2013/12/04/adidas-confirms-new-deal-with-kanye-west/
[2025-10-23 22:23:24] [INFO] [URLQueue] Added to queue: https://web.archive.org/web/20200815205941/https://blogs.wsj.com/speakeasy/2013/12/04/adidas-confirms-new-deal-with-kanye-west/
[2025-10-23 22:23:24] [INFO] [URLQueue] Added to queue: https://www.racked.com/2015/9/8/9251093/yeezy-season-1-kanye-west-adidas-shopping-guide
[2025-10-23 22:23:24] [INFO] [URLQueue] Added to queue: https://web.archive.org/web/20180909035516/https://www.racked.com/2015/9/8/9251093/yeezy-season-1-kanye-west-adidas-shopping-guide
[2025-10-23 22:23:24] [INFO] [URLQueue] Added to queue: https://www.hotnewhiphop.com/5-nba-players-who-should-be-wearing-adidas-yeezy-sneakers-on-the-court-news.22554.html?
[2025-10-23 22:23:24] [INFO] [URLQueue] Added to queue: https://web.archive.org/web/20160630155721/https://www.hotnewhiphop.com/5-nba-players-who-should-be-wearing-adidas-yeezy-sneakers-on-the-court-news.22554.html
[2025-10-23 22:23:24] [INFO] [URLQueue] Added to queue: https://www.adidas-group.com/en/media/news-archive/press-releases/2022/adidas-terminates-partnership-ye-immediately/
[2025-10-23 22:23:24] [INFO] [URLQueue] Added to queue: https://web.archive.org/web/20221231165327/https://www.adidas-group.com/en/media/news-archive/press-releases/2022/adidas-terminates-partnership-ye-immediately/
[2025-10-23 22:23:24] [INFO] [URLQueue] Added to queue: https://www.cp24.com/entertainment-news/kanye-west-says-he-s-splitting-with-gap-after-2-years-1.6070169
[2025-10-23 22:23:24] [INFO] [URLQueue] Added to queue: https://web.archive.org/web/20220916195430/https://www.cp24.com/entertainment-news/kanye-west-says-he-s-splitting-with-gap-after-2-years-1.6070169
[2025-10-23 22:23:24] [INFO] [URLQueue] Added to queue: https://www.complex.com/music/2012/09/the-complete-history-of-good-music/good-music-founded
[2025-10-23 22:23:24] [INFO] [URLQueue] Added to queue: https://web.archive.org/web/20200807162618/https://www.complex.com/music/2012/09/the-complete-history-of-good-music/good-music-founded
[2025-10-23 22:23:24] [INFO] [URLQueue] Added to queue: https://www.billboard.com/articles/news/6753076/pusha-t-president-good-music-exclusive
[2025-10-23 22:23:24] [INFO] [URLQueue] Added to queue: https://web.archive.org/web/20151112001322/https://www.billboard.com/articles/news/6753076/pusha-t-president-good-music-exclusive?
[2025-10-23 22:23:24] [INFO] [URLQueue] Added to queue: https://archive.today/20150204111514/https://www.ballerstatus.com/2008/08/13/kanye-west-to-open-chain-of-fatburger-restaurants-in-chicago/
[2025-10-23 22:23:24] [INFO] [URLQueue] Added to queue: https://www.ballerstatus.com/2008/08/13/kanye-west-to-open-chain-of-fatburger-restaurants-in-chicago/
[2025-10-23 22:23:24] [INFO] [URLQueue] Added to queue: https://www.nbcchicago.com/news/local/kanye-west-closes-orland-park-fatburger/1908471/
[2025-10-23 22:23:24] [INFO] [URLQueue] Added to queue: https://web.archive.org/web/20241127044755/https://www.nbcchicago.com/news/local/kanye-west-closes-orland-park-fatburger/1908471/
[2025-10-23 22:23:24] [INFO] [URLQueue] Added to queue: https://www.complex.com/music/2012/01/kanye-west-announces-creative-company-donda/
[2025-10-23 22:23:24] [INFO] [URLQueue] Added to queue: https://web.archive.org/web/20120108200345/https://www.complex.com/music/2012/01/kanye-west-announces-creative-company-donda
[2025-10-23 22:23:24] [INFO] [URLQueue] Added to queue: https://web.archive.org/web/20140227074738/https://www.vh1.com/music/tuner/2012-01-05/kanye-wests-epic-1600-word-twitter-rant-the-complete-text-neatly-organized-for-your-reading-pleasure/
[2025-10-23 22:23:24] [INFO] [URLQueue] Added to queue: https://www.vibe.com/2013/08/kanye-west-has-dream-inside-creative-agency-donda/
[2025-10-23 22:23:24] [INFO] [URLQueue] Added to queue: https://web.archive.org/web/20160207124828/https://www.vibe.com/2013/08/kanye-west-has-dream-inside-creative-agency-donda/
[2025-10-23 22:23:24] [INFO] [URLQueue] Added to queue: https://www.complex.com/style/2014/11/how-kanye-wests-creative-company-donda-is-making-its-own-brand-of-cool/
[2025-10-23 22:23:24] [INFO] [URLQueue] Added to queue: https://web.archive.org/web/20151223034420/https://www.complex.com/style/2014/11/how-kanye-wests-creative-company-donda-is-making-its-own-brand-of-cool
[2025-10-23 22:23:24] [INFO] [URLQueue] Added to queue: https://www.spin.com/2013/11/kanye-west-2-chainz-pusha-t-big-sean-donda-minimalist-design-company/
[2025-10-23 22:23:24] [INFO] [URLQueue] Added to queue: https://web.archive.org/web/20180820114429/https://www.spin.com/2013/11/kanye-west-2-chainz-pusha-t-big-sean-donda-minimalist-design-company/
[2025-10-23 22:23:24] [INFO] [URLQueue] Added to queue: https://www.complex.com/style/2015/06/rich-wilkerson-jr-donda-book/
[2025-10-23 22:23:24] [INFO] [URLQueue] Added to queue: https://web.archive.org/web/20160309183431/https://www.complex.com/style/2015/06/rich-wilkerson-jr-donda-book
[2025-10-23 22:23:24] [INFO] [URLQueue] Added to queue: https://globalgrind.com/2014/11/03/donda-created-music-covers-photos-kanye-west-creative-house/
[2025-10-23 22:23:24] [INFO] [URLQueue] Added to queue: https://web.archive.org/web/20160212083517/https://globalgrind.com/2014/11/03/donda-created-music-covers-photos-kanye-west-creative-house/
[2025-10-23 22:23:24] [INFO] [URLQueue] Added to queue: https://www.dezeen.com/2013/09/24/im-working-with-five-architects-at-a-time-kanye-west/
[2025-10-23 22:23:24] [INFO] [URLQueue] Added to queue: https://web.archive.org/web/20180928200716/https://www.dezeen.com/2013/09/24/im-working-with-five-architects-at-a-time-kanye-west/
[2025-10-23 22:23:24] [INFO] [URLQueue] Added to queue: https://www.theguardian.com/music/2018/may/07/kanye-west-announces-architecture-arm-to-his-company-yeezy-home
[2025-10-23 22:23:24] [INFO] [URLQueue] Added to queue: https://web.archive.org/web/20180929000244/https://www.theguardian.com/music/2018/may/07/kanye-west-announces-architecture-arm-to-his-company-yeezy-home
[2025-10-23 22:23:24] [INFO] [URLQueue] Added to queue: https://www.citylab.com/design/2013/11/kanye-west-goes-harvard-delivers-manifesto-architecture/7616/
[2025-10-23 22:23:24] [INFO] [URLQueue] Added to queue: https://web.archive.org/web/20180929000131/https://www.citylab.com/design/2013/11/kanye-west-goes-harvard-delivers-manifesto-architecture/7616/
[2025-10-23 22:23:24] [INFO] [URLQueue] Added to queue: https://www.dezeen.com/2018/05/07/kanye-west-announces-yeezy-home-architecture-arm/
[2025-10-23 22:23:24] [INFO] [URLQueue] Added to queue: https://web.archive.org/web/20180928200755/https://www.dezeen.com/2018/05/07/kanye-west-announces-yeezy-home-architecture-arm/
[2025-10-23 22:23:24] [INFO] [URLQueue] Added to queue: https://www.curbed.com/2018/5/7/17326702/kanye-west-yeezy-home-architecture-design
[2025-10-23 22:23:24] [INFO] [URLQueue] Added to queue: https://web.archive.org/web/20180928201042/https://www.curbed.com/2018/5/7/17326702/kanye-west-yeezy-home-architecture-design
[2025-10-23 22:23:24] [INFO] [URLQueue] Added to queue: https://www.dezeen.com/2018/06/04/kanye-west-yeezy-home-architecture-social-housing-project-instagram/
[2025-10-23 22:23:24] [INFO] [URLQueue] Added to queue: https://web.archive.org/web/20180929000120/https://www.dezeen.com/2018/06/04/kanye-west-yeezy-home-architecture-social-housing-project-instagram/
[2025-10-23 22:23:24] [INFO] [URLQueue] Added to queue: https://www.nytimes.com/2015/03/14/business/media/jay-z-buys-the-music-streaming-firm-aspiro.html
[2025-10-23 22:23:24] [INFO] [URLQueue] Added to queue: https://web.archive.org/web/20190908091219/https://www.nytimes.com/2015/03/14/business/media/jay-z-buys-the-music-streaming-firm-aspiro.html
[2025-10-23 22:23:24] [INFO] [URLQueue] Added to queue: https://www.billboard.com/articles/news/6509498/jay-z-tidal-launch-artist-stakeholders
[2025-10-23 22:23:24] [INFO] [URLQueue] Added to queue: https://web.archive.org/web/20190402032038/https://www.billboard.com/articles/news/6509498/jay-z-tidal-launch-artist-stakeholders
[2025-10-23 22:23:24] [INFO] [URLQueue] Added to queue: https://www.bloomberg.com/news/articles/2022-10-17/ye-says-parler-purchase-prompted-by-instagram-twitter-penalties
[2025-10-23 22:23:24] [INFO] [URLQueue] Added to queue: https://web.archive.org/web/20221017190731/https://www.bloomberg.com/news/articles/2022-10-17/ye-says-parler-purchase-prompted-by-instagram-twitter-penalties
[2025-10-23 22:23:24] [INFO] [URLQueue] Added to queue: https://www.cnbc.com/2022/10/17/kanye-west-is-buying-conservative-social-media-platform-parler-company-says.html
[2025-10-23 22:23:24] [INFO] [URLQueue] Added to queue: https://web.archive.org/web/20230119085751/https://www.cnbc.com/2022/10/17/kanye-west-is-buying-conservative-social-media-platform-parler-company-says.html
[2025-10-23 22:23:24] [INFO] [URLQueue] Added to queue: https://www.reuters.com/technology/parler-be-acquired-by-kanye-west-2022-10-17/
[2025-10-23 22:23:24] [INFO] [URLQueue] Added to queue: https://web.archive.org/web/20221017222740/https://www.reuters.com/technology/parler-be-acquired-by-kanye-west-2022-10-17/
[2025-10-23 22:23:24] [INFO] [URLQueue] Added to queue: https://www.cnn.com/2022/12/01/tech/kanye-parler-deal-termination/index.html
[2025-10-23 22:23:24] [INFO] [URLQueue] Added to queue: https://web.archive.org/web/20221201224143/https://www.cnn.com/2022/12/01/tech/kanye-parler-deal-termination/index.html
[2025-10-23 22:23:24] [INFO] [URLQueue] Added to queue: https://web.archive.org/web/20080806210737/https://www.kanyewestfoundation.org/the_foundation.html
[2025-10-23 22:23:24] [INFO] [URLQueue] Added to queue: https://www.kanyewestfoundation.org/the_foundation.html
[2025-10-23 22:23:24] [INFO] [URLQueue] Added to queue: https://www.nytimes.com/2007/04/25/education/25schools.html
[2025-10-23 22:23:24] [INFO] [URLQueue] Added to queue: https://web.archive.org/web/20130530090527/https://www.nytimes.com/2007/04/25/education/25schools.html
[2025-10-23 22:23:24] [INFO] [URLQueue] Added to queue: https://education-portal.com/articles/Kanye_West_to_Politicians%3A_Yo,_Education_is_Important.html
[2025-10-23 22:23:24] [INFO] [URLQueue] Added to queue: https://web.archive.org/web/20140708120106/https://education-portal.com/articles/Kanye_West_to_Politicians%3A_Yo,_Education_is_Important.html
[2025-10-23 22:23:24] [INFO] [URLQueue] Added to queue: https://www.blackgivesback.com/2007/08/hip-hop-superstar-kanye-west-combats.html
[2025-10-23 22:23:24] [INFO] [URLQueue] Added to queue: https://web.archive.org/web/20130116164634/https://www.blackgivesback.com/2007/08/hip-hop-superstar-kanye-west-combats.html
[2025-10-23 22:23:24] [INFO] [URLQueue] Added to queue: https://www.looktothestars.org/charity/dr-donda-west-foundation
[2025-10-23 22:23:24] [INFO] [URLQueue] Added to queue: https://web.archive.org/web/20130312044444/https://www.looktothestars.org/charity/dr-donda-west-foundation
[2025-10-23 22:23:24] [INFO] [URLQueue] Added to queue: https://www.nytimes.com/2011/04/20/business/20charity.html
[2025-10-23 22:23:24] [INFO] [URLQueue] Added to queue: https://web.archive.org/web/20180909035409/https://www.nytimes.com/2011/04/20/business/20charity.html
[2025-10-23 22:23:24] [INFO] [URLQueue] Added to queue: https://pitchfork.com/news/51675-kanye-wests-dondas-house-launches-free-music-writing-program-for-chicago-youth/
[2025-10-23 22:23:24] [INFO] [URLQueue] Added to queue: https://web.archive.org/web/20160312071653/https://pitchfork.com/news/51675-kanye-wests-dondas-house-launches-free-music-writing-program-for-chicago-youth/
[2025-10-23 22:23:24] [INFO] [URLQueue] Added to queue: https://www.chicagotribune.com/redeye/redeye-kanye-west-katrina-telethon-george-bush-black-people-20150902-htmlstory.html
[2025-10-23 22:23:24] [INFO] [URLQueue] Added to queue: https://archive.today/20210830043610/https://www.chicagotribune.com/redeye/redeye-kanye-west-katrina-telethon-george-bush-black-people-20150902-htmlstory.html
[2025-10-23 22:23:24] [INFO] [URLQueue] Added to queue: https://www.nytimes.com/2012/12/14/arts/music/at-concert-for-sandy-relief-big-names-find-the-right-tone.html
[2025-10-23 22:23:24] [INFO] [URLQueue] Added to queue: https://web.archive.org/web/20221211211831/https://www.nytimes.com/2012/12/14/arts/music/at-concert-for-sandy-relief-big-names-find-the-right-tone.html
[2025-10-23 22:23:24] [INFO] [URLQueue] Added to queue: https://www.theguardian.com/music/2019/jan/15/kanye-west-donates-10-million-for-james-turrell-art-installation
[2025-10-23 22:23:24] [INFO] [URLQueue] Added to queue: https://web.archive.org/web/20190121011023/https://www.theguardian.com/music/2019/jan/15/kanye-west-donates-10-million-for-james-turrell-art-installation
[2025-10-23 22:23:24] [INFO] [URLQueue] Added to queue: https://edition.cnn.com/2020/06/04/entertainment/kanye-west-two-million-dollar-donation/index.html
[2025-10-23 22:23:24] [INFO] [URLQueue] Added to queue: https://web.archive.org/web/20200606005541/https://edition.cnn.com/2020/06/04/entertainment/kanye-west-two-million-dollar-donation/index.html
[2025-10-23 22:23:24] [INFO] [URLQueue] Added to queue: https://www.avclub.com/state-property-2-1798208620
[2025-10-23 22:23:24] [INFO] [URLQueue] Added to queue: https://web.archive.org/web/20180117190401/https://film.avclub.com/state-property-2-1798208620
[2025-10-23 22:23:24] [INFO] [URLQueue] Added to queue: https://web.archive.org/web/20220407015510/https://www.mtv.com/news/2694262/hive-five-kanye-west-comedy-lover/
[2025-10-23 22:23:24] [INFO] [URLQueue] Added to queue: https://www.mtv.com/news/2694262/hive-five-kanye-west-comedy-lover/
[2025-10-23 22:23:24] [INFO] [URLQueue] Added to queue: https://www.vice.com/da/article/the-kanye-west-entourage-scene-rules/
[2025-10-23 22:23:24] [INFO] [URLQueue] Added to queue: https://web.archive.org/web/20180917105327/https://noisey.vice.com/da/article/rb8j83/the-kanye-west-entourage-scene-rules
[2025-10-23 22:23:24] [INFO] [URLQueue] Added to queue: https://www.looper.com/963688/the-story-behind-kanye-wests-appearance-on-the-cleveland-show/
[2025-10-23 22:23:24] [INFO] [URLQueue] Added to queue: https://web.archive.org/web/20231206201546/https://www.looper.com/963688/the-story-behind-kanye-wests-appearance-on-the-cleveland-show/
[2025-10-23 22:23:24] [INFO] [URLQueue] Added to queue: https://artsbeat.blogs.nytimes.com/2009/10/22/spike-jonze-explains-his-kanye-west-mini-movie-we-were-once-a-fairytale/
[2025-10-23 22:23:24] [INFO] [URLQueue] Added to queue: https://web.archive.org/web/20180117131745/https://artsbeat.blogs.nytimes.com/2009/10/22/spike-jonze-explains-his-kanye-west-mini-movie-we-were-once-a-fairytale/
[2025-10-23 22:23:24] [INFO] [URLQueue] Added to queue: https://nymag.com/daily/entertainment/2010/10/vulture_talks_to_selita_ebanks.html
[2025-10-23 22:23:24] [INFO] [URLQueue] Added to queue: https://web.archive.org/web/20101022131326/https://nymag.com/daily/entertainment/2010/10/vulture_talks_to_selita_ebanks.html
[2025-10-23 22:23:24] [INFO] [URLQueue] Added to queue: https://web.archive.org/web/20240530230147/https://www.mtv.com/news/6snush/kanye-west-cruel-summer-cinema
[2025-10-23 22:23:24] [INFO] [URLQueue] Added to queue: https://www.mtv.com/news/6snush/kanye-west-cruel-summer-cinema
[2025-10-23 22:23:24] [INFO] [URLQueue] Added to queue: https://www.vulture.com/2012/05/kanye-west-cruel-summer-cannes-2012.html
[2025-10-23 22:23:24] [INFO] [URLQueue] Added to queue: https://web.archive.org/web/20240929034835/https://www.vulture.com/2012/05/kanye-west-cruel-summer-cannes-2012.html
[2025-10-23 22:23:24] [INFO] [URLQueue] Added to queue: https://web.archive.org/web/20240530230147/https://www.mtv.com/news/iircyd/kanye-west-anchorman-2-comedian
[2025-10-23 22:23:24] [INFO] [URLQueue] Added to queue: https://www.mtv.com/news/iircyd/kanye-west-anchorman-2-comedian
[2025-10-23 22:23:24] [INFO] [URLQueue] Added to queue: https://www.msn.com/en-us/music/celebrity/kanye-west-is-launching-a-new-company-find-out-what-hes-doing-next/ar-BBNpLBp
[2025-10-23 22:23:24] [INFO] [URLQueue] Added to queue: https://web.archive.org/web/20180917105259/https://www.msn.com/en-us/music/celebrity/kanye-west-is-launching-a-new-company-find-out-what-hes-doing-next/ar-BBNpLBp
[2025-10-23 22:23:24] [INFO] [URLQueue] Added to queue: https://www.complex.com/pop-culture/kanye-west-documentary-reportedly-sold-netflix-30-million
[2025-10-23 22:23:24] [INFO] [URLQueue] Added to queue: https://web.archive.org/web/20210918173351/https://www.complex.com/pop-culture/kanye-west-documentary-reportedly-sold-netflix-30-million
[2025-10-23 22:23:24] [INFO] [URLQueue] Added to queue: https://www.complex.com/music/a/j-mckinney/kanye-west-jeen-yuhs-documentary-part-1-revelations
[2025-10-23 22:23:24] [INFO] [URLQueue] Added to queue: https://web.archive.org/web/20240530230148/https://www.complex.com/music/a/j-mckinney/kanye-west-jeen-yuhs-documentary-part-1-revelations
[2025-10-23 22:23:24] [INFO] [URLQueue] Added to queue: https://variety.com/2024/film/global/kanye-west-doc-in-whose-name-afm-1236197279/
[2025-10-23 22:23:24] [INFO] [URLQueue] Added to queue: https://deadline.com/2024/11/kanye-west-doc-in-whose-name-revealed-afm-1236164638/
[2025-10-23 22:23:24] [INFO] [URLQueue] Added to queue: https://thehill.com/blogs/in-the-know/in-the-know/505893-kanye-tweets-hes-running-for-president
[2025-10-23 22:23:24] [INFO] [URLQueue] Added to queue: https://web.archive.org/web/20210120205450/https://thehill.com/blogs/in-the-know/in-the-know/505893-kanye-tweets-hes-running-for-president
[2025-10-23 22:23:24] [INFO] [URLQueue] Added to queue: https://www.hollywoodreporter.com/news/kanye-west-announces-2020-presidential-run-1301846
[2025-10-23 22:23:24] [INFO] [URLQueue] Added to queue: https://web.archive.org/web/20200705060424/https://www.hollywoodreporter.com/news/kanye-west-announces-2020-presidential-run-1301846
[2025-10-23 22:23:24] [INFO] [URLQueue] Added to queue: https://www.forbes.com/sites/randalllane/2020/07/08/kanye-west-says-hes-done-with-trump-opens-up-about-white-house-bid-damaging-biden-and-everything-in-between/#44bd292447aa
[2025-10-23 22:23:24] [INFO] [URLQueue] Added to queue: https://web.archive.org/web/20200708062958/https://www.forbes.com/sites/randalllane/2020/07/08/kanye-west-says-hes-done-with-trump-opens-up-about-white-house-bid-damaging-biden-and-everything-in-between/#44bd292447aa
[2025-10-23 22:23:24] [INFO] [URLQueue] Added to queue: https://www.cnn.com/2020/07/08/entertainment/kanye-trump-coronavirus-forbes/index.html
[2025-10-23 22:23:24] [INFO] [URLQueue] Added to queue: https://web.archive.org/web/20200714174654/https://www.cnn.com/2020/07/08/entertainment/kanye-trump-coronavirus-forbes/index.html
[2025-10-23 22:23:24] [INFO] [URLQueue] Added to queue: https://www.forbes.com/sites/bryanrolli/2020/07/05/kanye-west-2020-presidential-run-promotional-stunt/#79c654b74a9d
[2025-10-23 22:23:24] [INFO] [URLQueue] Added to queue: https://web.archive.org/web/20200719023633/https://www.forbes.com/sites/bryanrolli/2020/07/05/kanye-west-2020-presidential-run-promotional-stunt/#79c654b74a9d
[2025-10-23 22:23:24] [INFO] [URLQueue] Added to queue: https://www.rollingstone.com/music/music-news/kanye-2020-fec-1029361/
[2025-10-23 22:23:24] [INFO] [URLQueue] Added to queue: https://web.archive.org/web/20200818025733/https://www.rollingstone.com/music/music-news/kanye-2020-fec-1029361/
[2025-10-23 22:23:24] [INFO] [URLQueue] Added to queue: https://www.nme.com/news/music/kanye-west-has-reportedly-dropped-out-of-the-presidential-race-2707866
[2025-10-23 22:23:24] [INFO] [URLQueue] Added to queue: https://web.archive.org/web/20200715053629/https://www.nme.com/news/music/kanye-west-has-reportedly-dropped-out-of-the-presidential-race-2707866
[2025-10-23 22:23:24] [INFO] [URLQueue] Added to queue: https://www.bbc.com/news/world-us-canada-53467658
[2025-10-23 22:23:24] [INFO] [URLQueue] Added to queue: https://web.archive.org/web/20200720010206/https://www.bbc.com/news/world-us-canada-53467658
[2025-10-23 22:23:24] [INFO] [URLQueue] Added to queue: https://premierchristian.news/en/news/article/kanye-west-picks-biblical-life-coach-as-presidential-running-mate2
[2025-10-23 22:23:24] [INFO] [URLQueue] Added to queue: https://web.archive.org/web/20200812180559/https://premierchristian.news/en/news/article/kanye-west-picks-biblical-life-coach-as-presidential-running-mate2
[2025-10-23 22:23:24] [INFO] [URLQueue] Added to queue: https://www.theatlantic.com/culture/archive/2020/08/how-kanye-west-became-political-pawn/615256/
[2025-10-23 22:23:24] [INFO] [URLQueue] Added to queue: https://web.archive.org/web/20201123224432/https://www.theatlantic.com/culture/archive/2020/08/how-kanye-west-became-political-pawn/615256/
[2025-10-23 22:23:24] [INFO] [URLQueue] Added to queue: https://www.forbes.com/sites/randalllane/2020/07/08/kanye-west-says-hes-done-with-trump-opens-up-about-white-house-bid-damaging-biden-and-everything-in-between/
[2025-10-23 22:23:24] [INFO] [URLQueue] Added to queue: https://web.archive.org/web/20200708062958/https://www.forbes.com/sites/randalllane/2020/07/08/kanye-west-says-hes-done-with-trump-opens-up-about-white-house-bid-damaging-biden-and-everything-in-between/
[2025-10-23 22:23:24] [INFO] [URLQueue] Added to queue: https://www.washingtonexaminer.com/news/welp-kanye-west-admits-defeat-while-teasing-2024-run
[2025-10-23 22:23:24] [INFO] [URLQueue] Added to queue: https://web.archive.org/web/20201105110135/https://www.washingtonexaminer.com/news/welp-kanye-west-admits-defeat-while-teasing-2024-run
[2025-10-23 22:23:24] [INFO] [URLQueue] Added to queue: https://www.latimes.com/entertainment-arts/music/story/2020-11-04/election-2020-kanye-west-votes-president
[2025-10-23 22:23:24] [INFO] [URLQueue] Added to queue: https://www.fec.gov/resources/cms-content/documents/2020presgeresults.pdf
[2025-10-23 22:23:24] [INFO] [URLQueue] Added to queue: https://www.reuters.com/business/media-telecom/kanye-west-publicist-pressed-georgia-election-worker-confess-bogus-fraud-charges-2021-12-10/
[2025-10-23 22:23:24] [INFO] [URLQueue] Added to queue: https://www.thedailybeast.com/trevian-kutti-kanye-publicist-urged-georgia-election-worker-ruby-freeman-to-confess-to-fraud-says-reuters
[2025-10-23 22:23:24] [INFO] [URLQueue] Added to queue: https://thehill.com/homenews/campaign/585368-publicist-linked-to-kanye-west-pushed-election-worker-to
[2025-10-23 22:23:24] [INFO] [URLQueue] Added to queue: https://www.thedailybeast.com/kanye-wests-independent-campaign-was-secretly-run-by-gop-elites
[2025-10-23 22:23:24] [INFO] [URLQueue] Added to queue: https://www.businessinsider.com/kanye-west-presidential-campaign-gop-operatives-investigation-finds-2021-12
[2025-10-23 22:23:24] [INFO] [URLQueue] Added to queue: https://www.usatoday.com/story/entertainment/celebrities/2019/11/08/kanye-west-says-hes-running-president-2024/2527854001/
[2025-10-23 22:23:24] [INFO] [URLQueue] Added to queue: https://www.foxnews.com/entertainment/kanye-west-not-decided-run-president-2024
[2025-10-23 22:23:24] [INFO] [URLQueue] Added to queue: https://www.bbc.com/news/entertainment-arts-63754702
[2025-10-23 22:23:24] [INFO] [URLQueue] Added to queue: https://www.theguardian.com/music/2022/nov/25/kanye-west-presidential-run-2024
[2025-10-23 22:23:24] [INFO] [URLQueue] Added to queue: https://search.worldcat.org/issn/0261-3077
[2025-10-23 22:23:24] [INFO] [URLQueue] Added to queue: https://abcnews.go.com/Entertainment/kanye-west-announced-running-president/story?id=71614805
[2025-10-23 22:23:24] [INFO] [URLQueue] Added to queue: https://www.billboard.com/music/rb-hip-hop/kanye-west-not-running-president-2024-1235450094/
[2025-10-23 22:23:24] [INFO] [URLQueue] Added to queue: https://www.washingtonpost.com/wp-dyn/content/article/2005/09/03/AR2005090300165.html
[2025-10-23 22:23:24] [INFO] [URLQueue] Added to queue: https://people.com/politics/kanye-west-george-bush-racist-2005-victim-mentality/
[2025-10-23 22:23:24] [INFO] [URLQueue] Added to queue: https://www.vice.com/en_us/article/zmj5b8/kanye-west-interview-big-boy-democrats-abortion-and-plan-b
[2025-10-23 22:23:24] [INFO] [URLQueue] Added to queue: https://web.archive.org/web/20191215155700/https://www.vice.com/en_us/article/zmj5b8/kanye-west-interview-big-boy-democrats-abortion-and-plan-b
[2025-10-23 22:23:24] [INFO] [URLQueue] Added to queue: https://www.latimes.com/entertainment-arts/music/story/2022-10-24/kanye-west-lex-fridman-antisemitism-podcast
[2025-10-23 22:23:24] [INFO] [URLQueue] Added to queue: https://theguardian.com/music/2018/may/01/kanye-west-on-slavery-for-400-years-that-sounds-like-a-choice
[2025-10-23 22:23:24] [INFO] [URLQueue] Added to queue: https://www.cnn.com/2018/05/01/entertainment/kanye-west-slavery-choice-trnd/index.html
[2025-10-23 22:23:24] [INFO] [URLQueue] Added to queue: https://people.com/music/kanye-west-apologizes-slavery-comment-cries-over-bipolar-disorder
[2025-10-23 22:23:24] [INFO] [URLQueue] Added to queue: https://www.hotnewhiphop.com/894601-kanye-west-nazi-logos-new-album-bully-cover-art-sunday-service-hip-hop-news
[2025-10-23 22:23:24] [INFO] [URLQueue] Added to queue: https://web.archive.org/web/20250319222855/https://www.hotnewhiphop.com/894601-kanye-west-nazi-logos-new-album-bully-cover-art-sunday-service-hip-hop-news
[2025-10-23 22:23:24] [INFO] [URLQueue] Added to queue: https://www.hot97.com/news/kanye-west-posts-and-deletes-bully-album-cover-featuring-swastika/
[2025-10-23 22:23:24] [INFO] [URLQueue] Added to queue: https://web.archive.org/web/20250317051047/https://www.hot97.com/news/kanye-west-posts-and-deletes-bully-album-cover-featuring-swastika/
[2025-10-23 22:23:24] [INFO] [URLQueue] Added to queue: https://www.cnbc.com/2022/12/02/biden-condemns-antisemitism-after-ye-praises-hitler-post-trump-dinner.html
[2025-10-23 22:23:24] [INFO] [URLQueue] Added to queue: https://www.digitalmusicnews.com/2022/10/25/umg-gap-remove-yeezy-products-from-stores/
[2025-10-23 22:23:24] [INFO] [URLQueue] Added to queue: https://www.npr.org/2022/10/25/1131285970/adidas-ye-kanye-west-antisemitic
[2025-10-23 22:23:24] [INFO] [URLQueue] Added to queue: https://www.rollingstone.com/music/music-news/kanye-wests-love-of-hitler-and-nazis-allegedly-goes-back-20-years-1234647700/
[2025-10-23 22:23:24] [INFO] [URLQueue] Added to queue: https://archive.today/20250801000452/https://www.rollingstone.com/music/music-news/kanye-wests-love-of-hitler-and-nazis-allegedly-goes-back-20-years-1234647700/
[2025-10-23 22:23:24] [INFO] [URLQueue] Added to queue: https://www.politico.com/news/2022/12/01/ye-antisemitism-republicans-hitler-00071695
[2025-10-23 22:23:24] [INFO] [URLQueue] Added to queue: https://www.timesofisrael.com/doubling-down-on-antisemitism-kanye-west-praises-hitler-in-unhinged-interview/
[2025-10-23 22:23:24] [INFO] [URLQueue] Added to queue: https://www.vanityfair.com/news/2022/12/kanye-west-alex-jones-donald-trump-hitler
[2025-10-23 22:23:24] [INFO] [URLQueue] Added to queue: https://www.buzzfeednews.com/article/leylamohammed/kanye-west-suspended-twitter-swastika-elon-musk
[2025-10-23 22:23:24] [INFO] [URLQueue] Added to queue: https://www.theguardian.com/music/2022/dec/02/kanye-west-suspended-from-twitter-after-posting-swastika-inside-the-star-of-david
[2025-10-23 22:23:24] [INFO] [URLQueue] Added to queue: https://www.theguardian.com/music/2023/jul/30/elon-musk-reinstates-kanye-west-twitter-account-after-ban
[2025-10-23 22:23:24] [INFO] [URLQueue] Added to queue: https://www.aljazeera.com/news/2023/7/30/x-formerly-known-as-twitter-reinstates-kanye-west-account
[2025-10-23 22:23:24] [INFO] [URLQueue] Added to queue: https://www.rollingstone.com/politics/politics-news/kanye-west-anti-semitic-rhetoric-assaults-vandalism-1234678236/
[2025-10-23 22:23:24] [INFO] [URLQueue] Added to queue: https://apnews.com/article/ye-kanye-antisemitism-apology-40450fa8868c660d954b672d5dfbcc3a
[2025-10-23 22:23:24] [INFO] [URLQueue] Added to queue: https://www.theguardian.com/music/2023/dec/26/kanye-west-apologises-to-jewish-community-for-2022-antisemitic-remarks
[2025-10-23 22:23:24] [INFO] [URLQueue] Added to queue: https://www.rollingstone.com/music/music-news/kanye-west-apology-jewish-community-antisemitic-comments-1234936039/
[2025-10-23 22:23:24] [INFO] [URLQueue] Added to queue: https://www.nme.com/news/music/kanye-west-admits-he-was-two-months-from-going-bankrupt-after-adidas-deal-termination-3587469
[2025-10-23 22:23:24] [INFO] [URLQueue] Added to queue: https://www.washingtonpost.com/entertainment/music/2024/02/19/kanye-west-ty-dolla-vultures-billboard-chart/
[2025-10-23 22:23:24] [INFO] [URLQueue] Added to queue: https://variety.com/2025/tv/news/how-kanye-west-super-bowl-ad-swastika-shirts-1236302946/
[2025-10-23 22:23:24] [INFO] [URLQueue] Added to queue: https://foundation.wikimedia.org/wiki/Donor_privacy_policy
[2025-10-23 22:23:24] [INFO] [URLQueue] Added to queue: https://www.rollingstone.com/music/music-news/kanye-west-dentist-bianca-censori-nitrous-oxide-lawsuit-1235329719/
[2025-10-23 22:23:24] [INFO] [URLQueue] Added to queue: https://donate.wikimedia.org/wiki/Special:LandingCheck?landing_page=Tax_deductibility&basic=true&language=en
[2025-10-23 22:23:24] [INFO] [URLQueue] Added to queue: https://deadline.com/2021/04/tyler-perry-kim-kardashian-kanye-west-forbes-billionaires-list-jeff-bezos-elon-musk-1234728825/
[2025-10-23 22:23:24] [INFO] [URLQueue] Added to queue: https://foundation.wikimedia.org/wiki/Special:LandingCheck?landing_page=Donor_privacy_policy&basic=true&language=en
[2025-10-23 22:23:24] [INFO] [URLQueue] Added to queue: https://www.forbes.com/sites/lisettevoytko/2022/10/25/billionaire-no-more-kanye-wests-anti-semitism-obliterates-his-net-worth-as-adidas-cuts-ties/?sh=1c1ef5f517e7
[2025-10-23 22:23:24] [INFO] [URLQueue] Added to queue: https://foundation.wikimedia.org/wiki/Special:LandingCheck?landing_page=Donor_privacy_policy&basic=true&language=en
[2025-10-23 22:23:24] [INFO] [URLQueue] Added to queue: https://foundation.wikimedia.org/wiki/Donor_privacy_policy
[2025-10-23 22:23:24] [INFO] [URLQueue] Added to queue: https://deadline.com/2021/10/kanye-changes-name-ye-1234857751/
[2025-10-23 22:23:24] [INFO] [URLQueue] Added to queue: https://donate.wikimedia.org/wiki/Special:LandingCheck?landing_page=Problems_donating&basic=true&language=en
[2025-10-23 22:23:24] [INFO] [URLQueue] Added to queue: https://www.usatoday.com/story/entertainment/celebrities/2021/10/18/kanye-west-changes-name-ye-personal-reasons/8512169002/
[2025-10-23 22:23:24] [INFO] [URLQueue] Added to queue: https://donate.wikimedia.org/wiki/Special:LandingCheck?landing_page=Tax_deductibility&basic=true&language=en
[2025-10-23 22:23:24] [INFO] [URLQueue] Added to queue: https://www.newsweek.com/why-has-kanye-west-changed-his-name-ye-meaning-explained-1640228
[2025-10-23 22:23:24] [INFO] [URLQueue] Added to queue: https://donate.wikimedia.org/wiki/Special:LandingCheck?landing_page=Ways_to_Give&basic=true&language=en
[2025-10-23 22:23:24] [INFO] [URLQueue] Added to queue: https://foundation.wikimedia.org/wiki/Special:LandingCheck?landing_page=Donor_privacy_policy&basic=true&language=en
[2025-10-23 22:23:24] [INFO] [URLQueue] Added to queue: https://donate.wikimedia.org/wiki/Special:LandingCheck?landing_page=FAQ&basic=true&language=en
[2025-10-23 22:23:24] [INFO] [URLQueue] Added to queue: https://www.independent.co.uk/arts-entertainment/music/news/kanye-west-name-change-ye-real-b1940681.html8512169002/
[2025-10-23 22:23:24] [INFO] [URLQueue] Added to queue: https://donate.wikimedia.org/wiki/Special:LandingPage
[2025-10-23 22:23:24] [INFO] [URLQueue] Added to queue: https://foundation.wikimedia.org/wiki/Special:LandingCheck?landing_page=Donor_privacy_policy&basic=true&language=en
[2025-10-23 22:23:24] [INFO] [URLQueue] Added to queue: https://collab.wikimedia.org/wiki/Fundraising/Donatewiki_documentation
[2025-10-23 22:23:24] [INFO] [URLQueue] Added to queue: https://www.hotnewhiphop.com/916280-kanye-west-fans-ye-twitter-user-hand-over-account-hip-hop-news
[2025-10-23 22:23:24] [INFO] [URLQueue] Added to queue: https://foundation.wikimedia.org/wiki/Project:Privacy_policy
[2025-10-23 22:23:24] [INFO] [URLQueue] Added to queue: https://donate.wikimedia.org/wiki/Special:LandingCheck?landing_page=Problems_donating&basic=true&language=en
[2025-10-23 22:23:24] [INFO] [URLQueue] Added to queue: https://foundation.wikimedia.org/wiki/Project:About
[2025-10-23 22:23:24] [INFO] [URLQueue] Added to queue: https://www.chicagotribune.com/2025/04/21/kanye-west-cousin/
[2025-10-23 22:23:24] [INFO] [URLQueue] Added to queue: https://foundation.wikimedia.org/wiki/Project:General_disclaimer
[2025-10-23 22:23:24] [INFO] [URLQueue] Added to queue: https://donate.wikimedia.org/wiki/Special:LandingCheck?landing_page=Ways_to_Give&basic=true&language=en
[2025-10-23 22:23:24] [INFO] [URLQueue] Added to queue: https://foundation.wikimedia.org/wiki/Special:MyLanguage/Policy:Universal_Code_of_Conduct
[2025-10-23 22:23:24] [INFO] [URLQueue] Added to queue: https://www.usmagazine.com/celebrity-news/news/khloe-kardashian-i-told-kim-kardashian-to-date-kanye-west-for-years-201376
[2025-10-23 22:23:24] [INFO] [URLQueue] Added to queue: https://developer.wikimedia.org
[2025-10-23 22:23:24] [INFO] [URLQueue] Added to queue: https://donate.wikimedia.org/wiki/Special:LandingCheck?landing_page=FAQ&basic=true&language=en
[2025-10-23 22:23:24] [INFO] [URLQueue] Added to queue: https://stats.wikimedia.org/#/donate.wikimedia.org
[2025-10-23 22:23:24] [INFO] [URLQueue] Added to queue: https://web.archive.org/web/20120624203411/https://www.mtv.com/news/articles/1688065/kim-kardashian-oprah-kanye-west-dating.jhtml
[2025-10-23 22:23:24] [INFO] [URLQueue] Added to queue: https://donate.wikimedia.org/wiki/Special:LandingPage
[2025-10-23 22:23:24] [INFO] [URLQueue] Added to queue: https://www.mtv.com/news/articles/1688065/kim-kardashian-oprah-kanye-west-dating.jhtml
[2025-10-23 22:23:24] [INFO] [URLQueue] Added to queue: https://foundation.wikimedia.org/wiki/Special:MyLanguage/Policy:Cookie_statement
[2025-10-23 22:23:24] [INFO] [URLQueue] Added to queue: https://www.cnn.com/2013/10/22/showbiz/kim-kardashian-kanye-west-engaged/
[2025-10-23 22:23:24] [INFO] [URLQueue] Added to queue: https://collab.wikimedia.org/wiki/Fundraising/Donatewiki_documentation
[2025-10-23 22:23:24] [INFO] [URLQueue] Added to queue: https://ca.eonline.com/news/472716/kim-kardashian-is-engaged-to-kanye-west.com
[2025-10-23 22:23:24] [INFO] [URLQueue] Added to queue: https://www.wikimedia.org/
[2025-10-23 22:23:24] [INFO] [URLQueue] Added to queue: https://www.people.com/article/kim-kardashian-kanye-west-married-wedding-florence-italy
[2025-10-23 22:23:24] [INFO] [URLQueue] Added to queue: https://foundation.wikimedia.org/wiki/Project:Privacy_policy
[2025-10-23 22:23:24] [INFO] [URLQueue] Added to queue: https://www.idolator.com/7520141/kanye-west-kim-kardashian-wedding-speech
[2025-10-23 22:23:24] [INFO] [URLQueue] Added to queue: https://www.mediawiki.org/
[2025-10-23 22:23:24] [INFO] [URLQueue] Added to queue: https://web.archive.org/web/20200107155602/https://www.idolator.com/7520141/kanye-west-kim-kardashian-wedding-speech
[2025-10-23 22:23:24] [INFO] [URLQueue] Added to queue: https://foundation.wikimedia.org/wiki/Project:About
[2025-10-23 22:23:24] [INFO] [URLQueue] Added to queue: https://www.nytimes.com/2015/04/10/t-magazine/kanye-west-adidas-yeezy-fashion-interview.html?_r=0
[2025-10-23 22:23:24] [INFO] [URLQueue] Added to queue: https://foundation.wikimedia.org/wiki/Project:General_disclaimer
[2025-10-23 22:23:24] [INFO] [URLQueue] Added to queue: https://people.com/parents/kim-kardashian-kanye-west-welcome-their-baby-girl/
[2025-10-23 22:23:24] [INFO] [URLQueue] Added to queue: https://foundation.wikimedia.org/wiki/Special:MyLanguage/Policy:Universal_Code_of_Conduct
[2025-10-23 22:23:24] [INFO] [URLQueue] Added to queue: https://people.com/parents/kim-kardashian-baby-name-revealed/
[2025-10-23 22:23:24] [INFO] [URLQueue] Added to queue: https://developer.wikimedia.org
[2025-10-23 22:23:24] [INFO] [URLQueue] Added to queue: https://time.com/4139432/kim-kardashian-west-kanye-west-saint-west/
[2025-10-23 22:23:24] [INFO] [URLQueue] Added to queue: https://stats.wikimedia.org/#/donate.wikimedia.org
[2025-10-23 22:23:24] [INFO] [URLQueue] Added to queue: https://www.travelandleisure.com/travel-news/chicago-west-baby-name-kanye-hometown
[2025-10-23 22:23:24] [INFO] [URLQueue] Added to queue: https://foundation.wikimedia.org/wiki/Special:MyLanguage/Policy:Cookie_statement
[2025-10-23 22:23:24] [INFO] [URLQueue] Added to queue: https://people.com/babies/kim-kardashian-kanye-west-welcome-daughter/
[2025-10-23 22:23:24] [INFO] [URLQueue] Added to queue: https://www.wikimedia.org/
[2025-10-23 22:23:24] [INFO] [URLQueue] Added to queue: https://people.com/parents/kim-kardashian-kanye-west-welcome-son/
[2025-10-23 22:23:24] [INFO] [URLQueue] Added to queue: https://www.mediawiki.org/
[2025-10-23 22:23:24] [INFO] [URLQueue] Added to queue: https://pitchfork.com/news/kanye-west-and-kim-kardashian-reveal-fourth-childs-name/
[2025-10-23 22:23:24] [INFO] [URLQueue] Added to queue: https://www.usatoday.com/story/entertainment/celebrities/2021/02/19/kim-kardashian-kanye-west-head-divorce-after-almost-7-years/6556476002/
[2025-10-23 22:23:24] [INFO] [URLQueue] Added to queue: https://www.etonline.com/news/166186_kim_kardashian_posts_pics_of_north_west_baptism_on_her_second_birthday
[2025-10-23 22:23:24] [INFO] [URLQueue] Added to queue: https://www.smh.com.au/entertainment/celebrity/kim-kardashian-baptises-north-west-on-trip-to-the-middle-east-20150414-1mkfpb.html
[2025-10-23 22:23:24] [INFO] [URLQueue] Added to queue: https://www.chicagotribune.com/news/ct-met-kanye-west-moving-chicago-20180918-story.html
[2025-10-23 22:23:24] [INFO] [URLQueue] Added to queue: https://www.eonline.com/news/969526/kanye-west-says-he-s-moving-back-to-chicago-permanently
[2025-10-23 22:23:24] [INFO] [URLQueue] Added to queue: https://www.cnn.com/2021/01/06/entertainment/kim-kardashian-kanye-west-divorce-marriage/index.html
[2025-10-23 22:23:24] [INFO] [URLQueue] Added to queue: https://people.com/music/why-kanye-west-bought-house-across-kim-kardashian-nothing-keeps-me-from-my-children/
[2025-10-23 22:23:24] [INFO] [URLQueue] Added to queue: https://archive.today/20240104032354/https://trib.com/news/state-regional/kanye-era-comes-to-end-in-cody/article_04a7982e-6a1f-5c85-bcf1-81cfac04b7de.html
[2025-10-23 22:23:24] [INFO] [URLQueue] Added to queue: https://trib.com/news/state-and-regional/kanye-era-comes-to-end-in-cody/article_04a7982e-6a1f-5c85-bcf1-81cfac04b7de.html
[2025-10-23 22:23:24] [INFO] [URLQueue] Added to queue: https://www.nbcnews.com/news/us-news/kim-kardashian-files-divorce-kanye-west-n1258382
[2025-10-23 22:23:24] [INFO] [URLQueue] Added to queue: https://www.bbc.com/news/world-us-canada-56718074
[2025-10-23 22:23:24] [INFO] [URLQueue] Added to queue: https://people.com/tv/kim-kardashian-and-kanye-west-finalize-divorce/
[2025-10-23 22:23:24] [INFO] [URLQueue] Added to queue: https://web.archive.org/web/20080423102506/https://www.mtv.com/news/articles/1585980/20080421/west_kanye.jhtml
[2025-10-23 22:23:24] [INFO] [URLQueue] Added to queue: https://www.mtv.com/news/articles/1585980/20080421/west_kanye.jhtml
[2025-10-23 22:23:24] [INFO] [URLQueue] Added to queue: https://web.archive.org/web/20230124220702/https://www.mtv.com/news/tsrnkt/kanye-wests-ex-fiancee-alexis-phifer-talks-about-breakup
[2025-10-23 22:23:24] [INFO] [URLQueue] Added to queue: https://www.mtv.com/news/tsrnkt/kanye-wests-ex-fiancee-alexis-phifer-talks-about-breakup
[2025-10-23 22:23:24] [INFO] [URLQueue] Added to queue: https://web.archive.org/web/20130526093736/https://www.mtv.co.uk/news/kanye-west/234050-kanye-west-confirms-amber-rose-split
[2025-10-23 22:23:24] [INFO] [URLQueue] Added to queue: https://www.mtv.co.uk/news/kanye-west/234050-kanye-west-confirms-amber-rose-split
[2025-10-23 22:23:24] [INFO] [URLQueue] Added to queue: https://www.billboard.com/music/music-news/amber-rose-apologizes-kim-kardashian-2015-tweet-kanye-west-1235019759/
[2025-10-23 22:23:24] [INFO] [URLQueue] Added to queue: https://www.independent.co.uk/life-style/amber-rose-kanye-west-ex-relationship-bullied-no-jumper-b1230978.html
[2025-10-23 22:23:24] [INFO] [URLQueue] Added to queue: https://people.com/music/julia-fox-kanye-west-and-julia-fox-confirm-their-romance-share-intimate-photos-date/
[2025-10-23 22:23:24] [INFO] [URLQueue] Added to queue: https://www.vanityfair.com/style/2022/02/kanye-west-goes-on-civil-war-themed-meme-rampage-against-kid-cudi-billie-eilish-and-pete-davidson-then-deletes-everything
[2025-10-23 22:23:24] [INFO] [URLQueue] Added to queue: https://www.npr.org/2022/03/20/1087783771/whats-going-on-with-ye-and-why-does-it-matter
[2025-10-23 22:23:24] [INFO] [URLQueue] Added to queue: https://www.theguardian.com/music/2022/mar/19/kanye-west-grammys-performance-barred-online-behavior
[2025-10-23 22:23:24] [INFO] [URLQueue] Added to queue: https://www.usatoday.com/story/life/health-wellness/2022/03/04/kanye-west-pete-davidson-video-instagram-fans/9357924002/
[2025-10-23 22:23:24] [INFO] [URLQueue] Added to queue: https://people.com/movies/julia-fox-splits-from-kanye-west-after-whirlwind-romance-i-have-love-for-him-but-i-wasnt-in-love/
[2025-10-23 22:23:24] [INFO] [URLQueue] Added to queue: https://www.buzzfeednews.com/article/stephaniesoteriou/julia-fox-kanye-west-service-celebrity-pandemic
[2025-10-23 22:23:24] [INFO] [URLQueue] Added to queue: https://www.insider.com/julia-fox-dated-kanye-west-leave-kim-kardashian-alone-2022-11
[2025-10-23 22:23:24] [INFO] [URLQueue] Added to queue: https://www.vanityfair.com/style/2023/01/kanye-west-married-bianca-censori-yeezy-designer-architect-kim-kardashian-divorce
[2025-10-23 22:23:24] [INFO] [URLQueue] Added to queue: https://theconversation.com/should-australia-let-kanye-west-in-198498
[2025-10-23 22:23:24] [INFO] [URLQueue] Added to queue: https://www.forbes.com/sites/carlieporterfield/2023/01/13/kanye-west-reportedly-married-again---what-to-know-about-bianca-censori/?sh=2da4e4ec4575
[2025-10-23 22:23:24] [INFO] [URLQueue] Added to queue: https://www.reuters.com/world/australian-minister-says-kanye-west-could-be-denied-entry-2023-01-25/
[2025-10-23 22:23:24] [INFO] [URLQueue] Added to queue: https://www.billboard.com/music/music-news/kanye-west-should-be-denied-entry-into-australia-civil-rights-group-says-1235203506/
[2025-10-23 22:23:24] [INFO] [URLQueue] Added to queue: https://www.eonline.com/news/1416445/kanye-west-reunites-with-bianca-censori
[2025-10-23 22:23:24] [INFO] [URLQueue] Added to queue: https://www.billboard.com/lists/kanye-west-ye-sampling-lawsuits-full-list/
[2025-10-23 22:23:24] [INFO] [URLQueue] Added to queue: https://www.thesmokinggun.com/archive/1212061evel1.html
[2025-10-23 22:23:24] [INFO] [URLQueue] Added to queue: https://www.usatoday.com/life/music/news/2007-11-27-kanye-knievel_N.htm
[2025-10-23 22:23:24] [INFO] [URLQueue] Added to queue: https://web.archive.org/web/20220511011738/https://usatoday30.usatoday.com/life/music/news/2007-11-27-kanye-knievel_N.htm
[2025-10-23 22:23:24] [INFO] [URLQueue] Added to queue: https://edition.cnn.com/2014/03/17/showbiz/kanye-west-plea-deal/
[2025-10-23 22:23:24] [INFO] [URLQueue] Added to queue: https://www.theguardian.com/music/2015/apr/07/kanye-west-settles-lawsuit-paparazzo
[2025-10-23 22:23:24] [INFO] [URLQueue] Added to queue: https://www.billboard.com/music/rb-hip-hop/kanye-west-charge-paparazzi-cleared-from-record-7350471/
[2025-10-23 22:23:24] [INFO] [URLQueue] Added to queue: https://www.foxnews.com/entertainment/kanye-west-has-clean-criminal-record-after-judge-erases-beating-conviction
[2025-10-23 22:23:24] [INFO] [URLQueue] Added to queue: https://www.billboard.com/pro/kanye-west-sued-donda-2-sample-marshall-jefferson/
[2025-10-23 22:23:24] [INFO] [URLQueue] Added to queue: https://www.geo.tv/latest/426743-kanye-west-sued-for-not-returning-13-rare-pieces-to-fashion-rental-company
[2025-10-23 22:23:24] [INFO] [URLQueue] Added to queue: https://www.nme.com/news/music/kanye-west-accused-of-racial-discrimination-by-former-security-guard-3751755
[2025-10-23 22:23:24] [INFO] [URLQueue] Added to queue: https://www.rollingstone.com/music/music-news/kanye-west-assistant-sexual-harassment-wrongful-termination-lawsuit-1235032484/
[2025-10-23 22:23:24] [INFO] [URLQueue] Added to queue: https://www.rollingstone.com/music/music-news/kanye-west-accused-sexual-assault-assistant-amended-lawsuit-1235382862/
[2025-10-23 22:23:24] [INFO] [URLQueue] Added to queue: https://www.nme.com/news/music/kanye-west-dismisses-sexual-harassment-allegations-against-him-as-baseless-announces-plans-to-countersue-for-sexual-coercion-3762636
[2025-10-23 22:23:24] [INFO] [URLQueue] Added to queue: https://www.nbcnews.com/news/us-news/kanye-west-accused-sexually-assaulting-strangling-model-rcna181479
[2025-10-23 22:23:24] [INFO] [URLQueue] Added to queue: https://pitchfork.com/news/kanye-west-accused-in-new-lawsuit-of-sexual-assault-during-2010-music-video-shoot/
[2025-10-23 22:23:24] [INFO] [URLQueue] Added to queue: https://www.nytimes.com/2004/06/23/arts/a-trinity-of-videos-for-one-religious-rap.html?scp=1&sq=
[2025-10-23 22:23:24] [INFO] [URLQueue] Added to queue: https://www.vulture.com/2013/06/does-kanye-west-really-think-hes-god.html
[2025-10-23 22:23:24] [INFO] [URLQueue] Added to queue: https://web.archive.org/web/20090211144515/https://bossip.com/76535/exclusive-pt-1-kanye-religion-is-like-branding/
[2025-10-23 22:23:24] [INFO] [URLQueue] Added to queue: https://bossip.com/76535/exclusive-pt-1-kanye-religion-is-like-branding/
[2025-10-23 22:23:24] [INFO] [URLQueue] Added to queue: https://web.archive.org/web/20171112075852/http://www.papermag.com/kanye-west-proclaims-im-a-married-christian-man-1427407473.html
[2025-10-23 22:23:24] [INFO] [URLQueue] Added to queue: https://www.papermag.com/kanye-west-proclaims-im-a-married-christian-man-1427407473.html
[2025-10-23 22:23:24] [INFO] [URLQueue] Added to queue: https://www.foxbusiness.com/lifestyle/kanye-west-no-more-secular-music-only-gospel
[2025-10-23 22:23:24] [INFO] [URLQueue] Added to queue: https://www.christianpost.com/news/kanye-west-drops-album-jesus-is-king-on-streaming-services.html
[2025-10-23 22:23:24] [INFO] [URLQueue] Added to queue: https://www.fec.gov/data/receipts/individual-contributions/?contributor_name=Kanye+West&two_year_transaction_period=2020&two_year_transaction_period=2018&two_year_transaction_period=2016&two_year_transaction_period=2014&two_year_transaction_period=2012&two_year_transaction_period=2010&two_year_transaction_period=2008&two_year_transaction_period=2006&two_year_transaction_period=2004&two_year_transaction_period=2002&two_year_transaction_period=2000&two_year_transaction_period=1998&two_year_transaction_period=1996&two_year_transaction_period=1994&two_year_transaction_period=1992&two_year_transaction_period=1990&two_year_transaction_period=1988&two_year_transaction_period=1986&min_date=01%2F01%2F1968&max_date=12%2F31%2F2020
[2025-10-23 22:23:24] [INFO] [URLQueue] Added to queue: https://www.thefader.com/2016/11/18/kanye-west-donated-to-hillary-clinton-democratic-party
[2025-10-23 22:23:24] [INFO] [URLQueue] Added to queue: https://www.usatoday.com/story/life/people/2016/12/13/kanye-west-trump-tower-donald-trump/95368076/
[2025-10-23 22:23:24] [INFO] [URLQueue] Added to queue: https://abcnews.go.com/Politics/kanye-west-meets-donald-trump-york/story?id=44162912
[2025-10-23 22:23:24] [INFO] [URLQueue] Added to queue: https://edition.cnn.com/2016/11/18/entertainment/kanye-west-donald-trump-trnd/
[2025-10-23 22:23:24] [INFO] [URLQueue] Added to queue: https://www.slate.com/blogs/browbeat/2017/02/06/kanye_west_has_deleted_his_tweets_about_donald_trump.html
[2025-10-23 22:23:24] [INFO] [URLQueue] Added to queue: https://www.complex.com/music/2018/04/ebro-darden-says-kanye-west-told-him-he-loves-donald-trump
[2025-10-23 22:23:24] [INFO] [URLQueue] Added to queue: https://www.msn.com/en-us/music/celebrity/kanye-west-donates-dollar73k-to-progressive-chicago-mayoral-candidate-amara-enyia/ar-BBONUT9
[2025-10-23 22:23:24] [INFO] [URLQueue] Added to queue: https://www.salon.com/2024/07/01/did-kanye-west-visit-russia-heres-what-we-know/
[2025-10-23 22:23:24] [INFO] [URLQueue] Added to queue: https://www.vibe.com/news/entertainment/kanye-west-enemy-ukraine-moscow-visit-ongoing-war-1234891156/
[2025-10-23 22:23:24] [INFO] [URLQueue] Added to queue: https://consequence.net/2016/11/kanye-west-says-jay-z-has-hitmen-please-dont-send-them-at-my-head/
[2025-10-23 22:23:24] [INFO] [URLQueue] Added to queue: https://latimes.com/local/lanow/la-me-kanye-west-police-20161123-story.html
[2025-10-23 22:23:24] [INFO] [URLQueue] Added to queue: https://www.xxlmag.com/news/2016/11/kanye-west-remain-hospital/
[2025-10-23 22:23:24] [INFO] [URLQueue] Added to queue: https://www.usmagazine.com/celebrity-news/news/kanye-west-paranoid-depressed-amid-hospitalization-report-w452420
[2025-10-23 22:23:24] [INFO] [URLQueue] Added to queue: https://www.etonline.com/news/203716_kanye_west_remains_hospitalized_and_undiagnosed_kim_kardashian_supportive/
[2025-10-23 22:23:24] [INFO] [URLQueue] Added to queue: https://web.archive.org/web/20161201080359/https://www.msn.com/en-us/music/celebrity/exclusive-kanye-west-suffered-paranoia-before-hospitalization-was-unsettled-by-kim-kardashian-robbery/ar-AAkRPq8?ocid=ansmsnnews11
[2025-10-23 22:23:24] [INFO] [URLQueue] Added to queue: https://www.msn.com/en-us/music/celebrity/exclusive-kanye-west-suffered-paranoia-before-hospitalization-was-unsettled-by-kim-kardashian-robbery/ar-AAkRPq8?ocid=ansmsnnews11
[2025-10-23 22:23:24] [INFO] [URLQueue] Added to queue: https://www.cnn.com/2016/11/30/entertainment/kanye-west-released-from-hospital/
[2025-10-23 22:23:24] [INFO] [URLQueue] Added to queue: https://www.vice.com/en/article/one-of-the-most-powerful-kanye-west-songs-is-one-youve-probably-not-heard/
[2025-10-23 22:23:24] [INFO] [URLQueue] Added to queue: https://www.stereogum.com/1994280/kanye-tells-tmz-he-got-liposuction/video/
[2025-10-23 22:23:24] [INFO] [URLQueue] Added to queue: https://www.reuters.com/article/uk-people-kanye-west-idUKKBN1I24JE/
[2025-10-23 22:23:24] [INFO] [URLQueue] Added to queue: https://www.independent.co.uk/arts-entertainment/music/news/kanye-west-alcoholic-addiction-vodka-trump-interview-a9467531.html
[2025-10-23 22:23:24] [INFO] [URLQueue] Added to queue: https://www.bbc.com/news/newsbeat-50178788
[2025-10-23 22:23:24] [INFO] [URLQueue] Added to queue: https://www.rollingstone.com/music/music-news/the-passion-of-kanye-west-71551/
[2025-10-23 22:23:24] [INFO] [URLQueue] Added to queue: https://www.rollingstone.com/music/music-features/kanye-west-yeezy-porn-bullying-kim-kardashian-1234635221/
[2025-10-23 22:23:24] [INFO] [URLQueue] Added to queue: https://edition.cnn.com/2018/06/26/entertainment/kanye-west-new-york-times-interview/index.html
[2025-10-23 22:23:24] [INFO] [URLQueue] Added to queue: https://www.vogue.co.uk/beauty/article/bipolar-disorder-kanye-west
[2025-10-23 22:23:24] [INFO] [URLQueue] Added to queue: https://www.refinery29.com/en-us/2018/06/200784/kanye-west-bipolar-diagnosis-ye
[2025-10-23 22:23:24] [INFO] [URLQueue] Added to queue: https://www.yahoo.com/now/kanye-west-says-misdiagnosed-bipolar-disorder-sleep-deprivation-000405518.html
[2025-10-23 22:23:24] [INFO] [URLQueue] Added to queue: https://www.vogue.com/article/kim-kardashian-west-cover-may-2019
[2025-10-23 22:23:24] [INFO] [URLQueue] Added to queue: https://people.com/music/kanye-west-opens-up-about-bipolar-diagnosis-episode-handcuffed/
[2025-10-23 22:23:24] [INFO] [URLQueue] Added to queue: https://www.billboard.com/music/rb-hip-hop/kanye-west-false-abortion-claims-jewish-record-labels-1235160708/
[2025-10-23 22:23:24] [INFO] [URLQueue] Added to queue: https://www.news.com.au/entertainment/celebrity-life/kanye-west-says-hes-not-bipolar-but-might-be-slightly-autistic/news-story/26fa43a462aff5874baddf7e4a641897
[2025-10-23 22:23:24] [INFO] [URLQueue] Added to queue: https://www.eonline.com/news/1413017/kanye-west-shares-how-wife-bianca-censori-helped-him-with-autism-diagnosis
[2025-10-23 22:23:24] [INFO] [URLQueue] Added to queue: https://www.cnn.com/2025/02/06/entertainment/kanye-west-autism/index.html
[2025-10-23 22:23:24] [INFO] [URLQueue] Added to queue: https://www.thedailybeast.com/milo-yiannopoulos-celebrity-dentist-gave-ye-brain-damage
[2025-10-23 22:23:24] [INFO] [URLQueue] Added to queue: https://www.complex.com/style/a/tracewilliamcowen/kanye-celeb-dentist-laughing-gas
[2025-10-23 22:23:24] [INFO] [URLQueue] Added to queue: https://www.vibe.com/news/entertainment/kanye-west-chief-of-staff-nitrous-oxide-1234903939/
[2025-10-23 22:23:24] [INFO] [URLQueue] Added to queue: https://okmagazine.com/p/kanye-west-staffer-texts-requests-recreational-nitrous-gas-dentist/
[2025-10-23 22:23:24] [INFO] [URLQueue] Added to queue: https://www.forbes.com/sites/jasonbisnoff/2018/11/19/the-perfectionism-of-kanye-west/
[2025-10-23 22:23:24] [INFO] [URLQueue] Added to queue: https://www.theguardian.com/music/2015/jun/25/kanye-west-glastonbury-festival-2015-worlds-biggest-pop-star
[2025-10-23 22:23:24] [INFO] [URLQueue] Added to queue: https://www.nme.com/photos/nme-s-100-most-influential-artists-50-1-1411863
[2025-10-23 22:23:24] [INFO] [URLQueue] Added to queue: https://www.complex.com/music/2013/06/kanye-west-is-the-most-important-artist-of-the-21st-century
[2025-10-23 22:23:24] [INFO] [URLQueue] Added to queue: https://www.theatlantic.com/magazine/archive/2012/05/american-mozart/308931/
[2025-10-23 22:23:24] [INFO] [URLQueue] Added to queue: https://www.theguardian.com/music/musicblog/2016/jan/19/kanye-west-david-bowie-covers-album
[2025-10-23 22:23:24] [INFO] [URLQueue] Added to queue: https://web.archive.org/web/20111205044352/https://www.rollingstone.com/music/artists/kanye-west/albumguide
[2025-10-23 22:23:24] [INFO] [URLQueue] Added to queue: https://www.rollingstone.com/music/artists/kanye-west/albumguide
[2025-10-23 22:23:24] [INFO] [URLQueue] Added to queue: https://www.highsnobiety.com/p/kanye-west-808s-heartbreak-10th-anniversary/
[2025-10-23 22:23:24] [INFO] [URLQueue] Added to queue: https://www.vice.com/en/article/kanye-wests-graduation-gave-birth-to-raps-first-real-rock-star/
[2025-10-23 22:23:24] [INFO] [URLQueue] Added to queue: https://www.complex.com/music/2015/09/the-day-kanye-west-killed-gangsta-rap
[2025-10-23 22:23:24] [INFO] [URLQueue] Added to queue: https://web.archive.org/web/20160219210754/https://www.complex.com/music/2015/09/the-day-kanye-west-killed-gangsta-rap
[2025-10-23 22:23:24] [INFO] [URLQueue] Added to queue: https://www.billboard.com/music/rb-hip-hop/kanye-west-graduation-10-year-anniversary-vic-mensa-kyle-7957970/
[2025-10-23 22:23:24] [INFO] [URLQueue] Added to queue: https://www.robertchristgau.com/xg/cg/cg2007-10.php
[2025-10-23 22:23:24] [INFO] [URLQueue] Added to queue: https://web.archive.org/web/20081104031415/https://www.robertchristgau.com/xg/cg/cg2007-10.php
[2025-10-23 22:23:24] [INFO] [URLQueue] Added to queue: https://www.michigandaily.com/arts/02adam-theisen-kanye-west-kendrick-lamar19
[2025-10-23 22:23:24] [INFO] [URLQueue] Added to queue: https://web.archive.org/web/20150713031219/https://www.michigandaily.com/arts/02adam-theisen-kanye-west-kendrick-lamar19
[2025-10-23 22:23:24] [INFO] [URLQueue] Added to queue: https://archive.today/20131001203439/https://www.mtv.com/news/articles/1612262/drake-kanye-west-shaped-lot-what-i-do.jhtml#selection-2549.108-2549.127
[2025-10-23 22:23:24] [INFO] [URLQueue] Added to queue: https://www.mtv.com/news/articles/1612262/drake-kanye-west-shaped-lot-what-i-do.jhtml
[2025-10-23 22:23:24] [INFO] [URLQueue] Added to queue: https://www.essence.com/2010/12/03/nicki-minaj-pink-friday-criticism-image-success/
[2025-10-23 22:23:24] [INFO] [URLQueue] Added to queue: https://www.highsnobiety.com/p/travis-scott-divisive-artist/
[2025-10-23 22:23:24] [INFO] [URLQueue] Added to queue: https://www.hotnewhiphop.com/476793-playboi-carti-talks-influences-advice-for-aspiring-rappers-in-new-interview-news
[2025-10-23 22:23:24] [INFO] [URLQueue] Added to queue: https://web.archive.org/web/20160602032044/https://www.complex.com/music/2016/01/next-wave-meet-lil-uzi-vert-the-next-phenom-in-rap
[2025-10-23 22:23:24] [INFO] [URLQueue] Added to queue: https://www.complex.com/music/2016/01/next-wave-meet-lil-uzi-vert-the-next-phenom-in-rap
[2025-10-23 22:23:24] [INFO] [URLQueue] Added to queue: https://www.hotnewhiphop.com/chance-the-rapper-discusses-kanye-west-influence-with-stretch-and-bobbito-news.36082.html
[2025-10-23 22:23:24] [INFO] [URLQueue] Added to queue: https://www.hiphopdx.com/index/news/id.16384/title.casey-veggies-speaks-on-influences-names-kanye-west-nas
[2025-10-23 22:23:24] [INFO] [URLQueue] Added to queue: https://web.archive.org/web/20110424094802/https://www.adele.tv/blog/160/i-m-very-excited-nervous-eager-anxious-but-chuffed-to-announce-my-new-album
[2025-10-23 22:23:24] [INFO] [URLQueue] Added to queue: https://www.adele.tv/blog/160/i-m-very-excited-nervous-eager-anxious-but-chuffed-to-announce-my-new-album
[2025-10-23 22:23:24] [INFO] [URLQueue] Added to queue: https://www.nme.com/news/lily-allen/77326
[2025-10-23 22:23:24] [INFO] [URLQueue] Added to queue: https://mixmag.net/feature/get-to-know-daniel-caesar-the-toronto-born-artist-baring-his-soul-on-gospel-tinged-rnb
[2025-10-23 22:23:24] [INFO] [URLQueue] Added to queue: https://www.billboard.com/articles/news/6304100/lorde-billboard-cover-story
[2025-10-23 22:23:24] [INFO] [URLQueue] Added to queue: https://www.newyorker.com/culture/culture-desk/rosalia-levels-up-as-a-global-pop-superstar
[2025-10-23 22:23:24] [INFO] [URLQueue] Added to queue: https://www.redeyechicago.com/music/redeye-halsey-interview-20150320-story.html
[2025-10-23 22:23:24] [INFO] [URLQueue] Added to queue: https://web.archive.org/web/20170110142115/http://k-punk.abstractdynamics.org/archives/007478.html
[2025-10-23 22:23:24] [INFO] [URLQueue] Added to queue: https://k-punk.abstractdynamics.org/archives/007478.html
[2025-10-23 22:23:24] [INFO] [URLQueue] Added to queue: https://www.gigwise.com/news/87320/kasabian-our-new-albums-influenced-by-nirvana-+-kanye-west
[2025-10-23 22:23:24] [INFO] [URLQueue] Added to queue: https://www.nme.com/news/mgmt/49400
[2025-10-23 22:23:24] [INFO] [URLQueue] Added to queue: https://www.complex.com/music/2013/04/even-the-yeah-yeah-yeahs-love-kanye-west
[2025-10-23 22:23:24] [INFO] [URLQueue] Added to queue: https://www.nme.com/news/music/fall-out-boy-new-album-interview-extreme-politics-donald-trump-2061897
[2025-10-23 22:23:24] [INFO] [URLQueue] Added to queue: https://web.archive.org/web/20140413022435/https://www.rollingstone.com/music/news/kanye-wants-james-blake-for-next-album-20140221
[2025-10-23 22:23:24] [INFO] [URLQueue] Added to queue: https://www.rollingstone.com/music/news/kanye-wants-james-blake-for-next-album-20140221
[2025-10-23 22:23:24] [INFO] [URLQueue] Added to queue: https://www.dazeddigital.com/music/article/17341/1/oneohtrix-point-never
[2025-10-23 22:23:24] [INFO] [URLQueue] Added to queue: https://pitchfork.com/news/62672-tim-hecker-announces-new-album-love-streams/
[2025-10-23 22:23:24] [INFO] [URLQueue] Added to queue: https://www.complex.com/music/2012/04/rakim-speaks-on-kanye-wests-influence-in-hip-hop
[2025-10-23 22:23:24] [INFO] [URLQueue] Added to queue: https://www.yardbarker.com/entertainment/articles/john_legend_details_kanye_wests_influence_in_popularizing_his_stage_name/s1_13132_34245608
[2025-10-23 22:23:24] [INFO] [URLQueue] Added to queue: https://www.clashmusic.com/features/astral-realm-an-alternative-roundup-12/
[2025-10-23 22:23:24] [INFO] [URLQueue] Added to queue: https://web.archive.org/web/20171215213712/http://www.thefader.com/2017/12/15/charli-xcx-a-g-cook-pop-2-interview
[2025-10-23 22:23:24] [INFO] [URLQueue] Added to queue: https://www.thefader.com/2017/12/15/charli-xcx-a-g-cook-pop-2-interview
[2025-10-23 22:23:24] [INFO] [URLQueue] Added to queue: https://www.riaa.com/gold-platinum/?tab_active=top_tallies&ttt=TAS#search_section
[2025-10-23 22:23:24] [INFO] [URLQueue] Added to queue: https://web.archive.org/web/20100221175541/https://www.riaa.com/newsitem.php?id=C91C40E1-A65A-0F81-EBB3-8FE3B7C0ECEA
[2025-10-23 22:23:24] [INFO] [URLQueue] Added to queue: https://www.riaa.com/newsitem.php?id=C91C40E1-A65A-0F81-EBB3-8FE3B7C0ECEA
[2025-10-23 22:23:24] [INFO] [URLQueue] Added to queue: https://www.businesswire.com/news/home/20100106007077/en/2009-U.S.-Music-Purchases-2.1-2008-Music
[2025-10-23 22:23:24] [INFO] [URLQueue] Added to queue: https://newsroom.spotify.com/2018-10-10/celebrating-a-decade-of-discovery-on-spotify/
[2025-10-23 22:23:24] [INFO] [URLQueue] Added to queue: https://edition.cnn.com/2019/11/03/entertainment/kanye-west-jesus-is-king-billboard-number-1-trnd/index.html
[2025-10-23 22:23:24] [INFO] [URLQueue] Added to queue: https://www.billboard.com/lists/kanye-west-ty-dolla-sign-carnival-number-one-hot-100/
[2025-10-23 22:23:24] [INFO] [URLQueue] Added to queue: https://web.archive.org/web/20100213153733/https://www.billboard.biz/bbbiz/charts/decadeendcharts/chart_display.jsp?&f=Hot+100+Producers&g=Decade-end+Producers
[2025-10-23 22:23:24] [INFO] [URLQueue] Added to queue: https://www.billboard.biz/bbbiz/charts/decadeendcharts/chart_display.jsp?&f=Hot+100+Producers&g=Decade-end+Producers
[2025-10-23 22:23:24] [INFO] [URLQueue] Added to queue: https://web.archive.org/web/20170211013232/https://www.villagevoice.com/music/for-the-fourth-time-in-six-albums-kanye-west-takes-the-top-pazz-and-jop-prize-6640110
[2025-10-23 22:23:24] [INFO] [URLQueue] Added to queue: https://www.villagevoice.com/music/for-the-fourth-time-in-six-albums-kanye-west-takes-the-top-pazz-and-jop-prize-6640110
[2025-10-23 22:23:24] [INFO] [URLQueue] Added to queue: https://www.xxlmag.com/rappers-most-grammy-nominations-never-won/
[2025-10-23 22:23:24] [INFO] [URLQueue] Added to queue: https://www.billboard.com/articles/news/65368/kanye-west-leads-grammy-nominees
[2025-10-23 22:23:24] [INFO] [URLQueue] Added to queue: https://web.archive.org/web/20171027224100/https://www.mtv.com/news/1517699/mariah-carey-kanye-west-john-legend-lead-grammy-nominees/
[2025-10-23 22:23:24] [INFO] [URLQueue] Added to queue: https://www.mtv.com/news/1517699/mariah-carey-kanye-west-john-legend-lead-grammy-nominees/
[2025-10-23 22:23:24] [INFO] [URLQueue] Added to queue: https://www.grammy.com/recording-academy/news/kanye-west-leads-50th-grammy-nominees
[2025-10-23 22:23:24] [INFO] [URLQueue] Added to queue: https://abcnews.go.com/Entertainment/grammys-2011-kanye-adele-foo-fighters-lead-nominations/story?id=15062166
[2025-10-23 22:23:24] [INFO] [URLQueue] Added to queue: https://www.spin.com/2012/12/frank-ocean-fun-2013-grammy-nominations/
[2025-10-23 22:23:24] [INFO] [URLQueue] Added to queue: https://www.grammy.com/grammys/news/beyoncé-u2-top-4-grammy-winners-2000s
[2025-10-23 22:23:24] [INFO] [URLQueue] Added to queue: https://www.goldderby.com/article/2019/lady-gaga-a-star-is-born-grammys-album-of-the-year-news/
[2025-10-23 22:23:24] [INFO] [URLQueue] Added to queue: https://web.archive.org/web/20161120180244/https://webbyawards.com/winners/2016/special-achievement/artist-of-the-year/kanye-west/
[2025-10-23 22:23:24] [INFO] [URLQueue] Added to queue: https://webbyawards.com:80/winners/2016/special-achievement/artist-of-the-year/kanye-west/
[2025-10-23 22:23:24] [INFO] [URLQueue] Added to queue: https://www.zimbio.com/photos/Kanye+West/2010+ACE+Awards+Presented+Accessories+Council/TyUHWms6pZB
[2025-10-23 22:23:24] [INFO] [URLQueue] Added to queue: https://www.xxlmag.com/xxl-magazine/2007/09/kanye-west-named-international-man-of-the-year-at-gq-awards/
[2025-10-23 22:23:24] [INFO] [URLQueue] Added to queue: https://web.archive.org/web/20181010152640/https://clios.com/music/winner/integrated-campaign/kanye-west/kanye-west-the-life-of-pablo-album-experience-31291
[2025-10-23 22:23:24] [INFO] [URLQueue] Added to queue: https://clios.com/music/winner/integrated-campaign/kanye-west/kanye-west-the-life-of-pablo-album-experience-31291
[2025-10-23 22:23:24] [INFO] [URLQueue] Added to queue: https://web.archive.org/web/20191126033444/https://www.unratedmagazine.com/articles/Archive/2007/NARAS_071111.cfm
[2025-10-23 22:23:24] [INFO] [URLQueue] Added to queue: https://www.unratedmagazine.com/articles/Archive/2007/NARAS_071111.cfm
[2025-10-23 22:23:24] [INFO] [URLQueue] Added to queue: https://web.archive.org/web/20191126023622/https://www.billboardmusicawards.com/2016/04/won-artist-achievement-award/
[2025-10-23 22:23:24] [INFO] [URLQueue] Added to queue: https://www.billboardmusicawards.com/2016/04/won-artist-achievement-award/
[2025-10-23 22:23:24] [INFO] [URLQueue] Added to queue: https://www.billboard.com/articles/news/60642/west-to-receive-billboard-artist-achievement-award
[2025-10-23 22:23:24] [INFO] [URLQueue] Added to queue: https://www.billboard.com/articles/news/awards/8527170/missy-elliott-video-vanguard-first-female-rapper
[2025-10-23 22:23:24] [INFO] [URLQueue] Added to queue: https://web.archive.org/web/20200923210922/https://www.rollingstone.com/music/music-lists/best-albums-of-all-time-1062063/
[2025-10-23 22:23:24] [INFO] [URLQueue] Added to queue: https://www.rollingstone.com/music/music-lists/best-albums-of-all-time-1062063/
[2025-10-23 22:23:24] [INFO] [URLQueue] Added to queue: https://web.archive.org/web/20180324162359/https://ew.com/gallery/10-best-albums-decade
[2025-10-23 22:23:24] [INFO] [URLQueue] Added to queue: https://ew.com/gallery/10-best-albums-decade/
[2025-10-23 22:23:24] [INFO] [URLQueue] Added to queue: https://www.complex.com/music/2012/04/the-100-best-albums-of-the-complex-era/kanye-west-graduation
[2025-10-23 22:23:24] [INFO] [URLQueue] Added to queue: https://www.rollingstone.com/most-groundbreaking-albums-of-all-time
[2025-10-23 22:23:24] [INFO] [URLQueue] Added to queue: https://web.archive.org/web/20170521051406/https://www.rollingstone.com/most-groundbreaking-albums-of-all-time
[2025-10-23 22:23:24] [INFO] [URLQueue] Added to queue: https://www.avclub.com/the-50-best-albums-of-the-2010s-1839776060
[2025-10-23 22:23:24] [INFO] [URLQueue] Added to queue: https://web.archive.org/web/20191120012449/https://music.avclub.com/the-50-best-albums-of-the-2010s-1839776060
[2025-10-23 22:23:24] [INFO] [URLQueue] Added to queue: https://web.archive.org/web/20180123055052/https://www.metacritic.com/feature/critics-pick-top-ten-albums-of-2013
[2025-10-23 22:23:24] [INFO] [URLQueue] Added to queue: https://www.metacritic.com/feature/critics-pick-top-ten-albums-of-2013
[2025-10-23 22:23:24] [INFO] [URLQueue] Added to queue: https://pitchfork.com/news/67861-kanyes-life-of-pablo-becomes-first-streaming-only-album-to-go-platinum/
[2025-10-23 22:23:24] [INFO] [URLQueue] Added to queue: https://www.officialcharts.com/chart-news/kanye-wests-the-life-of-pablo-becomes-the-uks-first-album-to-be-certified-gold-on-streams-only__20640/
[2025-10-23 22:23:24] [INFO] [URLQueue] Added to queue: https://web.archive.org/web/20150504222524/https://oxford.tab.co.uk/2015/03/02/kanye-oxford-yeezox-highlights/
[2025-10-23 22:23:24] [INFO] [URLQueue] Added to queue: https://commons.wikimedia.org/wiki/Category:Kanye_West
[2025-10-23 22:23:24] [INFO] [URLQueue] Added to queue: https://en.wikiquote.org/wiki/Kanye_West
[2025-10-23 22:23:24] [INFO] [URLQueue] Added to queue: https://x.com/kanyewest
[2025-10-23 22:23:24] [INFO] [URLQueue] Added to queue: https://www.allmusic.com/artist/p353484
[2025-10-23 22:23:24] [INFO] [URLQueue] Added to queue: https://www.imdb.com/name/nm1577190/
[2025-10-23 22:23:24] [INFO] [URLQueue] Added to queue: https://www.discogs.com/artist/137880
[2025-10-23 22:23:24] [INFO] [URLQueue] Added to queue: https://www.wikidata.org/wiki/Q15935#P1953
[2025-10-23 22:23:24] [INFO] [URLQueue] Added to queue: https://www.c-span.org/person/?107046
[2025-10-23 22:23:24] [INFO] [URLQueue] Added to queue: https://www.fec.gov/data/candidate/P00016741
[2025-10-23 22:23:24] [INFO] [URLQueue] Added to queue: https://www.wikidata.org/wiki/Q15935#identifiers
[2025-10-23 22:23:24] [INFO] [URLQueue] Added to queue: https://isni.org/isni/0000000116557565
[2025-10-23 22:23:24] [INFO] [URLQueue] Added to queue: https://viaf.org/viaf/61794068
[2025-10-23 22:23:24] [INFO] [URLQueue] Added to queue: https://d-nb.info/gnd/135366666
[2025-10-23 22:23:24] [INFO] [URLQueue] Added to queue: https://id.worldcat.org/fast/1589804
[2025-10-23 22:23:24] [INFO] [URLQueue] Added to queue: https://id.oclc.org/worldcat/entity/E39PBJbM3vCh7cmG6PHgkdt9Xd
[2025-10-23 22:23:24] [INFO] [URLQueue] Added to queue: https://id.loc.gov/authorities/no2004046362
[2025-10-23 22:23:24] [INFO] [URLQueue] Added to queue: https://catalogue.bnf.fr/ark:/12148/cb14585619h
[2025-10-23 22:23:24] [INFO] [URLQueue] Added to queue: https://data.bnf.fr/ark:/12148/cb14585619h
[2025-10-23 22:23:24] [INFO] [URLQueue] Added to queue: https://id.ndl.go.jp/auth/ndlna/001332432
[2025-10-23 22:23:24] [INFO] [URLQueue] Added to queue: https://opac.sbn.it/nome/UBOV926378
[2025-10-23 22:23:24] [INFO] [URLQueue] Added to queue: https://aleph.nkp.cz/F/?func=find-c&local_base=aut&ccl_term=ica=xx0021159&CON_LNG=ENG
[2025-10-23 22:23:24] [INFO] [URLQueue] Added to queue: https://datos.bne.es/resource/XX4417928
[2025-10-23 22:23:24] [INFO] [URLQueue] Added to queue: https://authority.bibsys.no/authority/rest/authorities/html/6060895
[2025-10-23 22:23:24] [INFO] [URLQueue] Added to queue: https://lod.nl.go.kr/resource/KAC2020S1352
[2025-10-23 22:23:24] [INFO] [URLQueue] Added to queue: https://dbn.bn.org.pl/descriptor-details/9810537692105606
[2025-10-23 22:23:24] [INFO] [URLQueue] Added to queue: https://www.nli.org.il/en/authorities/987007332256905171
[2025-10-23 22:23:24] [INFO] [URLQueue] Added to queue: https://musicbrainz.org/artist/164f0d73-1234-4e2c-8743-d77bf2191051
[2025-10-23 22:23:24] [INFO] [URLQueue] Added to queue: https://www.grammy.com/artists/kanye-west/6900
[2025-10-23 22:23:24] [INFO] [URLQueue] Added to queue: https://www.deutsche-biographie.de/135366666.html?language=en
[2025-10-23 22:23:24] [INFO] [URLQueue] Added to queue: https://www.idref.fr/162075693
[2025-10-23 22:23:24] [INFO] [URLQueue] Added to queue: https://lux.collections.yale.edu/view/person/6b1e6a2d-1b3a-418a-86fe-3fed0ca223df
[2025-10-23 22:23:24] [INFO] [URLQueue] Added to queue: https://en.wikipedia.org/w/index.php?title=Kanye_West&oldid=1318427647
[2025-10-23 22:23:24] [INFO] [URLQueue] Added to queue: https://foundation.wikimedia.org/wiki/Special:MyLanguage/Policy:Terms_of_Use
[2025-10-23 22:23:24] [INFO] [URLQueue] Added to queue: https://foundation.wikimedia.org/wiki/Special:MyLanguage/Policy:Privacy_policy
[2025-10-23 22:23:24] [INFO] [URLQueue] Added to queue: https://wikimediafoundation.org/
[2025-10-23 22:23:24] [INFO] [URLQueue] Added to queue: https://foundation.wikimedia.org/wiki/Special:MyLanguage/Policy:Privacy_policy
[2025-10-23 22:23:24] [INFO] [URLQueue] Added to queue: https://foundation.wikimedia.org/wiki/Special:MyLanguage/Policy:Universal_Code_of_Conduct
[2025-10-23 22:23:24] [INFO] [URLQueue] Added to queue: https://developer.wikimedia.org
[2025-10-23 22:23:24] [INFO] [URLQueue] Added to queue: https://stats.wikimedia.org/#/en.wikipedia.org
[2025-10-23 22:23:24] [INFO] [URLQueue] Added to queue: https://foundation.wikimedia.org/wiki/Special:MyLanguage/Policy:Cookie_statement
[2025-10-23 22:23:24] [INFO] [URLQueue] Added to queue: https://www.wikimedia.org/
[2025-10-23 22:23:24] [INFO] [URLQueue] Added to queue: https://www.mediawiki.org/
[2025-10-24 16:42:24] [WARNING] [CLIENT] Gateway lookup failed on attempt 1: Connection refused to host: 26.11.203.193; nested exception is: 
	java.net.ConnectException: Connection refused: connect
[2025-10-24 16:42:27] [WARNING] [CLIENT] Gateway lookup failed on attempt 2: Connection refused to host: 26.11.203.193; nested exception is: 
	java.net.ConnectException: Connection refused: connect
[2025-10-24 16:42:35] [WARNING] [CLIENT] Gateway lookup failed on attempt 1: Connection refused to host: 26.11.203.193; nested exception is: 
	java.net.ConnectException: Connection refused: connect
[2025-10-24 16:42:37] [ERROR] [GATEWAY] URL Queue not available: Connection refused to host: 26.11.203.193; nested exception is: 
	java.net.ConnectException: Connection refused: connect
[2025-10-24 16:42:37] [INFO] [GATEWAY] Gateway ready on port 1098
[2025-10-24 16:42:37] [INFO] [CLIENT] Connected to gateway on port 1098 on attempt 2
[2025-10-24 16:43:00] [WARNING] [CLIENT] Gateway lookup failed on attempt 1: Connection refused to host: 26.11.203.193; nested exception is: 
	java.net.ConnectException: Connection refused: connect
[2025-10-24 16:43:03] [WARNING] [CLIENT] Gateway lookup failed on attempt 2: Connection refused to host: 26.11.203.193; nested exception is: 
	java.net.ConnectException: Connection refused: connect
[2025-10-24 16:43:06] [WARNING] [CLIENT] Gateway lookup failed on attempt 3: Connection refused to host: 26.11.203.193; nested exception is: 
	java.net.ConnectException: Connection refused: connect
[2025-10-24 16:43:09] [ERROR] [GATEWAY] URL Queue not available: Connection refused to host: 26.11.203.193; nested exception is: 
	java.net.ConnectException: Connection refused: connect
[2025-10-24 16:43:09] [INFO] [GATEWAY] Gateway ready on port 1098
[2025-10-24 16:43:09] [INFO] [CLIENT] Connected to gateway on port 1098 on attempt 4
